Workbook

Sheet Coil Chart
B2: Pre-Defined Parameters: | G2: Color Key: | H2: Puple Cell: | J2: Informational | M2: Coil Calculator instructions:
C3: Voltage: | E3: 390 | H3: Grey Cell: | J3: User-defined value | M3: Go to | N3: https://www.accelinstruments.com/Magnetic/Magnetic-field-calculator.html
C4: Max Current: | E4: 860 | H4: Blue Cell: | J4: Input from coil calculator | M4: Set inner radius to half your specified coil ID
C5: Coil ID (mm): | E5: 10 | H5: Red Text: | J5: Maximum value exceeded | M5: Set the coil length to specified value
C6: *Snubber Rating (Watts): | E6: 5000 | G6: Green Cell, | H6: Yellow Cell, | I6: or Red Cell | J6: Calculated value | M6: Set wire diameter with and without insulation*
B7: *The pulse-power rating of the device that will dissipate the coil's energy | G7: Positive | H7: Neutral | I7: Negative | M7: Input the number of turns calculated by this sheet
M8: Set current to 1A
B9: Notes: | M9: Set distance from center to 0mm
B10: 1: Power the coil will consume when fully charged by the specified voltage source, it is also how much heat the coil will generate when fully charged. | M10: Set permeability and Compac factor to 1
B11: 2: Energy stored within the coil when it is fully charged. It will need to dissipate this when discharging. | M11: Input resulting resistance, inductance, and field values into their respective blue boxes
B12: 3: Amount of power that a device will dissipate when removing energy from the coil. Many devices can handle dozens of times their rated power for a short period of time. | M12: *Not accounting for enamel thickness only has a marginal impact on accuracy
B13: 4: Strength of field the coil generates per amp of current flowing through it. Some coils generate generate weaker overall fields, but do it more efficiently.
B14: 5: How strong the field will be after it is fully charged by the voltage source specified. | M14: To clear this sheet, highlight the blue and grey columns and press 'del' on your keyboard.
B15: 6: How long the coil will take to build OR collapse %98.1 field strength.
B16: 7: This value indicates the average linear rate that a coil will build/collapse its field. In reality the coil's initial rate will be much higher, and will slow down asymptotically.
B17: 8: This is an arbitrary value that multiplies the field constant by the field rate. It is only intended for comparing coils.
L19: Note 1: | M19: Note 2: | N19: Note 3: | O19: Note 4: | P19: Note 5: | Q19: Note 6: | R19: Note 7: | S19: Note 8:
B20: Wire diameter: | C20: Coil Length: | D20: Coil OD: | E20: Coil Volume: | F20: Layers: | G20: Turns/Layer: | H20: Total Turns: | I20: Resistance: | J20: Inductance: | K20: Max Current: | L20: Max Power: | M20: Energy Stored: | N20: Snub Power: | O20: Field Constant: | P20: Max Field: | Q20: Charge Time: | R20: Field Rate: | S20: Rating:
B21: (Millimeter) | C21: (Millimeter) | D21: (Millimeter) | E21: (Cubic Cent.) | F21: # | G21: # | H21: # | I21: (Ohms) | J21: (Microhenry) | K21: (Amperes) | L21: (Kilowatts) | M21: (Joules) | N21: (Kilowatts) | O21: (Millitesla) | P21: (Tesla) | Q21: (Milliseconds) | R21: (Tesla/Second) | S21: (Arbitrary)
B22: 0.7 | C22: 50 | D22: 50 | E22: =(((3.14159 * (D22/2)^2) * C22) - (3.14159 * (($E$5/2)^2)) * C22)/1000 -> 94.2477 | F22: =((D22-$E$5)/2)/B22 -> 28.571429 | G22: =C22/B22 -> 71.428571 | H22: =F22*G22 -> 2040.8163 | I22: 7.924 | J22: 37432.68 | K22: =$E$3/I22 -> 49.217567 | L22: =(K22*$E$3)/1000 -> 19.194851 | M22: =((J22/1000000)*K22^2)/2 -> 45.33788 | N22: =(M22/(Q22/1000))/1000 -> 2.3993564 | O22: 44.3608 | P22: =(O22*K22)/1000 -> 2.1833306 | Q22: =((J22/1000)/I22)*4 -> 18.895851 | R22: =P22/(Q22/1000) -> 115.54551 | S22: =R22*O22 -> 5125.6911
B23: 0.7 | C23: 50 | D23: 30 | E23: =(((3.14159 * (D23/2)^2) * C23) - (3.14159 * (($E$5/2)^2)) * C23)/1000 -> 31.4159 | F23: =((D23-$E$5)/2)/B23 -> 14.285714 | G23: =C23/B23 -> 71.428571 | H23: =F23*G23 -> 1020.4082 | I23: 2.561 | J23: 4870.454 | K23: =$E$3/I23 -> 152.28426 | L23: =(K23*$E$3)/1000 -> 59.390863 | M23: =((J23/1000000)*K23^2)/2 -> 56.474125 | N23: =(M23/(Q23/1000))/1000 -> 7.4238579 | O23: 23.9815 | P23: =(O23*K23)/1000 -> 3.6520051 | Q23: =((J23/1000)/I23)*4 -> 7.6071128 | R23: =P23/(Q23/1000) -> 480.07768 | S23: =R23*O23 -> 11512.983
B24: 0.7 | C24: 50 | D24: 20 | E24: =(((3.14159 * (D24/2)^2) * C24) - (3.14159 * (($E$5/2)^2)) * C24)/1000 -> 11.780962 | F24: =((D24-$E$5)/2)/B24 -> 7.1428571 | G24: =C24/B24 -> 71.428571 | H24: =F24*G24 -> 510.20408 | I24: 0.931 | J24: 740.44 | K24: =$E$3/I24 -> 418.9044 | L24: =(K24*$E$3)/1000 -> 163.37272 | M24: =((J24/1000000)*K24^2)/2 -> 64.966539 | N24: =(M24/(Q24/1000))/1000 -> 20.42159 | O24: 12.371 | P24: =(O24*K24)/1000 -> 5.1822664 | Q24: =((J24/1000)/I24)*4 -> 3.1812675 | R24: =P24/(Q24/1000) -> 1628.9942 | S24: =R24*O24 -> 20152.288
B25: 0.7 | C25: 30 | D25: 50 | E25: =(((3.14159 * (D25/2)^2) * C25) - (3.14159 * (($E$5/2)^2)) * C25)/1000 -> 56.54862 | F25: =((D25-$E$5)/2)/B25 -> 28.571429 | G25: =C25/B25 -> 42.857143 | H25: =F25*G25 -> 1224.4898 | I25: 4.75 | J25: 17804.975 | K25: =$E$3/I25 -> 82.105263 | L25: =(K25*$E$3)/1000 -> 32.021053 | M25: =((J25/1000000)*K25^2)/2 -> 60.01411 | N25: =(M25/(Q25/1000))/1000 -> 4.0026316 | O25: 37.725 | P25: =(O25*K25)/1000 -> 3.0974211 | Q25: =((J25/1000)/I25)*4 -> 14.993663 | R25: =P25/(Q25/1000) -> 206.58201 | S25: =R25*O25 -> 7793.3063
B26: 0.7 | C26: 30 | D26: 30 | E26: =(((3.14159 * (D26/2)^2) * C26) - (3.14159 * (($E$5/2)^2)) * C26)/1000 -> 18.84954 | F26: =((D26-$E$5)/2)/B26 -> 14.285714 | G26: =C26/B26 -> 42.857143 | H26: =F26*G26 -> 612.2449 | I26: 1.537 | J26: 2492.576 | K26: =$E$3/I26 -> 253.74105 | L26: =(K26*$E$3)/1000 -> 98.959011 | M26: =((J26/1000000)*K26^2)/2 -> 80.241658 | N26: =(M26/(Q26/1000))/1000 -> 12.369876 | O26: 21.8199 | P26: =(O26*K26)/1000 -> 5.5366044 | Q26: =((J26/1000)/I26)*4 -> 6.4868601 | R26: =P26/(Q26/1000) -> 853.51069 | S26: =R26*O26 -> 18623.518
A27: this one first | B27: 0.7 | C27: 30 | D27: 20 | E27: =(((3.14159 * (D27/2)^2) * C27) - (3.14159 * (($E$5/2)^2)) * C27)/1000 -> 7.0685775 | F27: =((D27-$E$5)/2)/B27 -> 7.1428571 | G27: =C27/B27 -> 42.857143 | H27: =F27*G27 -> 306.12245 | I27: 0.559 | J27: 399.111 | K27: =$E$3/I27 -> 697.67442 | L27: =(K27*$E$3)/1000 -> 272.09302 | M27: =((J27/1000000)*K27^2)/2 -> 97.133559 | N27: =(M27/(Q27/1000))/1000 -> 34.011628 | O27: 11.6935 | P27: =(O27*K27)/1000 -> 8.1582558 | Q27: =((J27/1000)/I27)*4 -> 2.8558927 | R27: =P27/(Q27/1000) -> 2856.6395 | S27: =R27*O27 -> 33404.114 | U27: < Option 1
B28: 0.7 | C28: 20 | D28: 50 | E28: =(((3.14159 * (D28/2)^2) * C28) - (3.14159 * (($E$5/2)^2)) * C28)/1000 -> 37.69908 | F28: =((D28-$E$5)/2)/B28 -> 28.571429 | G28: =C28/B28 -> 28.571429 | H28: =F28*G28 -> 816.32653 | I28: 3.167 | J28: 9438.713 | K28: =$E$3/I28 -> 123.14493 | L28: =(K28*$E$3)/1000 -> 48.026524 | M28: =((J28/1000000)*K28^2)/2 -> 71.567504 | N28: =(M28/(Q28/1000))/1000 -> 6.0033154 | O28: 31.0527 | P28: =(O28*K28)/1000 -> 3.8239826 | Q28: =((J28/1000)/I28)*4 -> 11.92133 | R28: =P28/(Q28/1000) -> 320.76812 | S28: =R28*O28 -> 9960.7163
B29: 0.7 | C29: 20 | D29: 30 | E29: =(((3.14159 * (D29/2)^2) * C29) - (3.14159 * (($E$5/2)^2)) * C29)/1000 -> 12.56636 | F29: =((D29-$E$5)/2)/B29 -> 14.285714 | G29: =C29/B29 -> 28.571429 | H29: =F29*G29 -> 408.16327 | I29: 1.024 | J29: 1403.712 | K29: =$E$3/I29 -> 380.85938 | L29: =(K29*$E$3)/1000 -> 148.53516 | M29: =((J29/1000000)*K29^2)/2 -> 101.80692 | N29: =(M29/(Q29/1000))/1000 -> 18.566895 | O29: 19.0385 | P29: =(O29*K29)/1000 -> 7.2509912 | Q29: =((J29/1000)/I29)*4 -> 5.48325 | R29: =P29/(Q29/1000) -> 1322.3893 | S29: =R29*O29 -> 25176.309
B30: 0.7 | C30: 20 | D30: 20 | E30: =(((3.14159 * (D30/2)^2) * C30) - (3.14159 * (($E$5/2)^2)) * C30)/1000 -> 4.712385 | F30: =((D30-$E$5)/2)/B30 -> 7.1428571 | G30: =C30/B30 -> 28.571429 | H30: =F30*G30 -> 204.08163 | I30: 0.372 | J30: 236.081 | K30: =$E$3/I30 -> 1048.3871 | L30: =(K30*$E$3)/1000 -> 408.87097 | M30: =((J30/1000000)*K30^2)/2 -> 129.74014 | N30: =(M30/(Q30/1000))/1000 -> 51.108871 | O30: 10.6635 | P30: =(O30*K30)/1000 -> 11.179476 | Q30: =((J30/1000)/I30)*4 -> 2.5385054 | R30: =P30/(Q30/1000) -> 4403.9599 | S30: =R30*O30 -> 46961.626 | U30: < Option 2
B31: 0.7 | C31: 10 | D31: 50 | E31: =(((3.14159 * (D31/2)^2) * C31) - (3.14159 * (($E$5/2)^2)) * C31)/1000 -> 18.84954 | F31: =((D31-$E$5)/2)/B31 -> 28.571429 | G31: =C31/B31 -> 14.285714 | H31: =F31*G31 -> 408.16327 | I31: 1.583 | J31: 2923.152 | K31: =$E$3/I31 -> 246.36766 | L31: =(K31*$E$3)/1000 -> 96.083386 | M31: =((J31/1000000)*K31^2)/2 -> 88.713311 | N31: =(M31/(Q31/1000))/1000 -> 12.010423 | O31: 19.5153 | P31: =(O31*K31)/1000 -> 4.8079387 | Q31: =((J31/1000)/I31)*4 -> 7.3863601 | R31: =P31/(Q31/1000) -> 650.92125 | S31: =R31*O31 -> 12702.923
B32: 0.7 | C32: 10 | D32: 30 | E32: =(((3.14159 * (D32/2)^2) * C32) - (3.14159 * (($E$5/2)^2)) * C32)/1000 -> 6.28318 | F32: =((D32-$E$5)/2)/B32 -> 14.285714 | G32: =C32/B32 -> 14.285714 | H32: =F32*G32 -> 204.08163 | I32: 0.512 | J32: 478.823 | K32: =$E$3/I32 -> 761.71875 | L32: =(K32*$E$3)/1000 -> 297.07031 | M32: =((J32/1000000)*K32^2)/2 -> 138.91025 | N32: =(M32/(Q32/1000))/1000 -> 37.133789 | O32: 12.9081 | P32: =(O32*K32)/1000 -> 9.8323418 | Q32: =((J32/1000)/I32)*4 -> 3.7408047 | R32: =P32/(Q32/1000) -> 2628.4029 | S32: =R32*O32 -> 33927.687 | U32: < Option 3
B33: 0.7 | C33: 10 | D33: 20 | E33: =(((3.14159 * (D33/2)^2) * C33) - (3.14159 * (($E$5/2)^2)) * C33)/1000 -> 2.3561925 | F33: =((D33-$E$5)/2)/B33 -> 7.1428571 | G33: =C33/B33 -> 14.285714 | H33: =F33*G33 -> 102.04082 | I33: 0.186 | J33: 88.21 | K33: =$E$3/I33 -> 2096.7742 | L33: =(K33*$E$3)/1000 -> 817.74194 | M33: =((J33/1000000)*K33^2)/2 -> 193.90596 | N33: =(M33/(Q33/1000))/1000 -> 102.21774 | O33: 7.8017 | P33: =(O33*K33)/1000 -> 16.358403 | Q33: =((J33/1000)/I33)*4 -> 1.8969892 | R33: =P33/(Q33/1000) -> 8623.3505 | S33: =R33*O33 -> 67276.794
B35: 1.02 | C35: 50 | D35: 50 | E35: =(((3.14159 * (D35/2)^2) * C35) - (3.14159 * (($E$5/2)^2)) * C35)/1000 -> 94.2477 | F35: =((D35-$E$5)/2)/B35 -> 19.607843 | G35: =C35/B35 -> 49.019608 | H35: =F35*G35 -> 961.16878 | I35: 1.799 | J35: 8842.6 | K35: =$E$3/I35 -> 216.7871 | L35: =(K35*$E$3)/1000 -> 84.546971 | M35: =((J35/1000000)*K35^2)/2 -> 207.78628 | N35: =(M35/(Q35/1000))/1000 -> 10.568371 | O35: 20.7781 | P35: =(O35*K35)/1000 -> 4.5044241 | Q35: =((J35/1000)/I35)*4 -> 19.661145 | R35: =P35/(Q35/1000) -> 229.10284 | S35: =R35*O35 -> 4760.3217
B36: 1.02 | C36: 50 | D36: 30 | E36: =(((3.14159 * (D36/2)^2) * C36) - (3.14159 * (($E$5/2)^2)) * C36)/1000 -> 31.4159 | F36: =((D36-$E$5)/2)/B36 -> 9.8039216 | G36: =C36/B36 -> 49.019608 | H36: =F36*G36 -> 480.58439 | I36: 0.59 | J36: 1195.4 | K36: =$E$3/I36 -> 661.01695 | L36: =(K36*$E$3)/1000 -> 257.79661 | M36: =((J36/1000000)*K36^2)/2 -> 261.16107 | N36: =(M36/(Q36/1000))/1000 -> 32.224576 | O36: 11.2589 | P36: =(O36*K36)/1000 -> 7.4423237 | Q36: =((J36/1000)/I36)*4 -> 8.1044068 | R36: =P36/(Q36/1000) -> 918.3058 | S36: =R36*O36 -> 10339.113
B37: 1.02 | C37: 50 | D37: 20 | E37: =(((3.14159 * (D37/2)^2) * C37) - (3.14159 * (($E$5/2)^2)) * C37)/1000 -> 11.780962 | F37: =((D37-$E$5)/2)/B37 -> 4.9019608 | G37: =C37/B37 -> 49.019608 | H37: =F37*G37 -> 240.2922 | I37: 0.217 | J37: 187.1 | K37: =$E$3/I37 -> 1797.235 | L37: =(K37*$E$3)/1000 -> 700.92166 | M37: =((J37/1000000)*K37^2)/2 -> 302.17153 | N37: =(M37/(Q37/1000))/1000 -> 87.615207 | O37: 5.8017 | P37: =(O37*K37)/1000 -> 10.427018 | Q37: =((J37/1000)/I37)*4 -> 3.4488479 | R37: =P37/(Q37/1000) -> 3023.3338 | S37: =R37*O37 -> 17540.476
B38: 1.02 | C38: 30 | D38: 50 | E38: =(((3.14159 * (D38/2)^2) * C38) - (3.14159 * (($E$5/2)^2)) * C38)/1000 -> 56.54862 | F38: =((D38-$E$5)/2)/B38 -> 19.607843 | G38: =C38/B38 -> 29.411765 | H38: =F38*G38 -> 576.70127 | I38: 1.081 | J38: 4215 | K38: =$E$3/I38 -> 360.77706 | L38: =(K38*$E$3)/1000 -> 140.70305 | M38: =((J38/1000000)*K38^2)/2 -> 274.31238 | N38: =(M38/(Q38/1000))/1000 -> 17.587882 | O38: 17.5999 | P38: =(O38*K38)/1000 -> 6.3496401 | Q38: =((J38/1000)/I38)*4 -> 15.59667 | R38: =P38/(Q38/1000) -> 407.11512 | S38: =R38*O38 -> 7165.1855 | U38: < Original plan
B39: 1.02 | C39: 30 | D39: 30 | E39: =(((3.14159 * (D39/2)^2) * C39) - (3.14159 * (($E$5/2)^2)) * C39)/1000 -> 18.84954 | F39: =((D39-$E$5)/2)/B39 -> 9.8039216 | G39: =C39/B39 -> 29.411765 | H39: =F39*G39 -> 288.35063 | I39: 0.353 | J39: 607 | K39: =$E$3/I39 -> 1104.8159 | L39: =(K39*$E$3)/1000 -> 430.87819 | M39: =((J39/1000000)*K39^2)/2 -> 370.45759 | N39: =(M39/(Q39/1000))/1000 -> 53.859773 | O39: 10.1709 | P39: =(O39*K39)/1000 -> 11.236972 | Q39: =((J39/1000)/I39)*4 -> 6.878187 | R39: =P39/(Q39/1000) -> 1633.7113 | S39: =R39*O39 -> 16616.314
B40: 1.02 | C40: 30 | D40: 20 | E40: =(((3.14159 * (D40/2)^2) * C40) - (3.14159 * (($E$5/2)^2)) * C40)/1000 -> 7.0685775 | F40: =((D40-$E$5)/2)/B40 -> 4.9019608 | G40: =C40/B40 -> 29.411765 | H40: =F40*G40 -> 144.17532 | I40: 0.13 | J40: 100.6 | K40: =$E$3/I40 -> 3000 | L40: =(K40*$E$3)/1000 -> 1170 | M40: =((J40/1000000)*K40^2)/2 -> 452.7 | N40: =(M40/(Q40/1000))/1000 -> 146.25 | O40: 5.457 | P40: =(O40*K40)/1000 -> 16.371 | Q40: =((J40/1000)/I40)*4 -> 3.0953846 | R40: =P40/(Q40/1000) -> 5288.8419 | S40: =R40*O40 -> 28861.211
B41: 1.02 | C41: 20 | D41: 50 | E41: =(((3.14159 * (D41/2)^2) * C41) - (3.14159 * (($E$5/2)^2)) * C41)/1000 -> 37.69908 | F41: =((D41-$E$5)/2)/B41 -> 19.607843 | G41: =C41/B41 -> 19.607843 | H41: =F41*G41 -> 384.46751 | I41: 0.719 | J41: 2221.2 | K41: =$E$3/I41 -> 542.42003 | L41: =(K41*$E$3)/1000 -> 211.54381 | M41: =((J41/1000000)*K41^2)/2 -> 326.76016 | N41: =(M41/(Q41/1000))/1000 -> 26.442976 | O41: 14.3946 | P41: =(O41*K41)/1000 -> 7.8079193 | Q41: =((J41/1000)/I41)*4 -> 12.357163 | R41: =P41/(Q41/1000) -> 631.85373 | S41: =R41*O41 -> 9095.2817
B42: 1.02 | C42: 20 | D42: 30 | E42: =(((3.14159 * (D42/2)^2) * C42) - (3.14159 * (($E$5/2)^2)) * C42)/1000 -> 12.56636 | F42: =((D42-$E$5)/2)/B42 -> 9.8039216 | G42: =C42/B42 -> 19.607843 | H42: =F42*G42 -> 192.23376 | I42: 0.235 | J42: 341.2 | K42: =$E$3/I42 -> 1659.5745 | L42: =(K42*$E$3)/1000 -> 647.23404 | M42: =((J42/1000000)*K42^2)/2 -> 469.86437 | N42: =(M42/(Q42/1000))/1000 -> 80.904255 | O42: 8.8179 | P42: =(O42*K42)/1000 -> 14.633962 | Q42: =((J42/1000)/I42)*4 -> 5.8076596 | R42: =P42/(Q42/1000) -> 2519.7692 | S42: =R42*O42 -> 22219.073
B43: 1.02 | C43: 20 | D43: 20 | E43: =(((3.14159 * (D43/2)^2) * C43) - (3.14159 * (($E$5/2)^2)) * C43)/1000 -> 4.712385 | F43: =((D43-$E$5)/2)/B43 -> 4.9019608 | G43: =C43/B43 -> 19.607843 | H43: =F43*G43 -> 96.116878 | I43: 0.087 | J43: 59.3 | K43: =$E$3/I43 -> 4482.7586 | L43: =(K43*$E$3)/1000 -> 1748.2759 | M43: =((J43/1000000)*K43^2)/2 -> 595.82045 | N43: =(M43/(Q43/1000))/1000 -> 218.53448 | O43: 4.9413 | P43: =(O43*K43)/1000 -> 22.150655 | Q43: =((J43/1000)/I43)*4 -> 2.7264368 | R43: =P43/(Q43/1000) -> 8124.3971 | S43: =R43*O43 -> 40145.084
B44: 1.02 | C44: 10 | D44: 50 | E44: =(((3.14159 * (D44/2)^2) * C44) - (3.14159 * (($E$5/2)^2)) * C44)/1000 -> 18.84954 | F44: =((D44-$E$5)/2)/B44 -> 19.607843 | G44: =C44/B44 -> 9.8039216 | H44: =F44*G44 -> 192.23376 | I44: 0.359 | J44: 686.9 | K44: =$E$3/I44 -> 1086.351 | L44: =(K44*$E$3)/1000 -> 423.67688 | M44: =((J44/1000000)*K44^2)/2 -> 405.32542 | N44: =(M44/(Q44/1000))/1000 -> 52.95961 | O44: 8.9572 | P44: =(O44*K44)/1000 -> 9.730663 | Q44: =((J44/1000)/I44)*4 -> 7.6534819 | R44: =P44/(Q44/1000) -> 1271.4034 | S44: =R44*O44 -> 11388.215
B45: 1.02 | C45: 10 | D45: 30 | E45: =(((3.14159 * (D45/2)^2) * C45) - (3.14159 * (($E$5/2)^2)) * C45)/1000 -> 6.28318 | F45: =((D45-$E$5)/2)/B45 -> 9.8039216 | G45: =C45/B45 -> 9.8039216 | H45: =F45*G45 -> 96.116878 | I45: 0.118 | J45: 116 | K45: =$E$3/I45 -> 3305.0847 | L45: =(K45*$E$3)/1000 -> 1288.9831 | M45: =((J45/1000000)*K45^2)/2 -> 633.56794 | N45: =(M45/(Q45/1000))/1000 -> 161.12288 | O45: 5.8985 | P45: =(O45*K45)/1000 -> 19.495042 | Q45: =((J45/1000)/I45)*4 -> 3.9322034 | R45: =P45/(Q45/1000) -> 4957.7909 | S45: =R45*O45 -> 29243.53
B46: 1.02 | C46: 10 | D46: 20 | E46: =(((3.14159 * (D46/2)^2) * C46) - (3.14159 * (($E$5/2)^2)) * C46)/1000 -> 2.3561925 | F46: =((D46-$E$5)/2)/B46 -> 4.9019608 | G46: =C46/B46 -> 9.8039216 | H46: =F46*G46 -> 48.058439 | I46: 0.043 | J46: 22.1 | K46: =$E$3/I46 -> 9069.7674 | L46: =(K46*$E$3)/1000 -> 3537.2093 | M46: =((J46/1000000)*K46^2)/2 -> 908.98053 | N46: =(M46/(Q46/1000))/1000 -> 442.15116 | O46: 3.5536 | P46: =(O46*K46)/1000 -> 32.230326 | Q46: =((J46/1000)/I46)*4 -> 2.055814 | R46: =P46/(Q46/1000) -> 15677.647 | S46: =R46*O46 -> 55712.087
B48: 1.29 | C48: 50 | D48: 50 | E48: =(((3.14159 * (D48/2)^2) * C48) - (3.14159 * (($E$5/2)^2)) * C48)/1000 -> 94.2477 | F48: =((D48-$E$5)/2)/B48 -> 15.503876 | G48: =C48/B48 -> 38.75969 | H48: =F48*G48 -> 600.92543 | I48: 0.697 | J48: 3459.5 | K48: =$E$3/I48 -> 559.54089 | L48: =(K48*$E$3)/1000 -> 218.22095 | M48: =((J48/1000000)*K48^2)/2 -> 541.56052 | N48: =(M48/(Q48/1000))/1000 -> 27.277618 | O48: 13.0188 | P48: =(O48*K48)/1000 -> 7.2845509 | Q48: =((J48/1000)/I48)*4 -> 19.853659 | R48: =P48/(Q48/1000) -> 366.91227 | S48: =R48*O48 -> 4776.7575
B49: 1.29 | C49: 50 | D49: 30 | E49: =(((3.14159 * (D49/2)^2) * C49) - (3.14159 * (($E$5/2)^2)) * C49)/1000 -> 31.4159 | F49: =((D49-$E$5)/2)/B49 -> 7.751938 | G49: =C49/B49 -> 38.75969 | H49: =F49*G49 -> 300.46271 | I49: 0.227 | J49: 464.1 | K49: =$E$3/I49 -> 1718.0617 | L49: =(K49*$E$3)/1000 -> 670.04405 | M49: =((J49/1000000)*K49^2)/2 -> 684.95032 | N49: =(M49/(Q49/1000))/1000 -> 83.755507 | O49: 7.0351 | P49: =(O49*K49)/1000 -> 12.086736 | Q49: =((J49/1000)/I49)*4 -> 8.1779736 | R49: =P49/(Q49/1000) -> 1477.9622 | S49: =R49*O49 -> 10397.612
B50: 1.29 | C50: 50 | D50: 20 | E50: =(((3.14159 * (D50/2)^2) * C50) - (3.14159 * (($E$5/2)^2)) * C50)/1000 -> 11.780962 | F50: =((D50-$E$5)/2)/B50 -> 3.875969 | G50: =C50/B50 -> 38.75969 | H50: =F50*G50 -> 150.23136 | I50: 0.083 | J50: 73.1 | K50: =$E$3/I50 -> 4698.7952 | L50: =(K50*$E$3)/1000 -> 1832.5301 | M50: =((J50/1000000)*K50^2)/2 -> 806.97561 | N50: =(M50/(Q50/1000))/1000 -> 229.06627 | O50: 3.6309 | P50: =(O50*K50)/1000 -> 17.060855 | Q50: =((J50/1000)/I50)*4 -> 3.5228916 | R50: =P50/(Q50/1000) -> 4842.8557 | S50: =R50*O50 -> 17583.925
B51: 1.29 | C51: 30 | D51: 50 | E51: =(((3.14159 * (D51/2)^2) * C51) - (3.14159 * (($E$5/2)^2)) * C51)/1000 -> 56.54862 | F51: =((D51-$E$5)/2)/B51 -> 15.503876 | G51: =C51/B51 -> 23.255814 | H51: =F51*G51 -> 360.55526 | I51: 0.419 | J51: 1650.9 | K51: =$E$3/I51 -> 930.78759 | L51: =(K51*$E$3)/1000 -> 363.00716 | M51: =((J51/1000000)*K51^2)/2 -> 715.14143 | N51: =(M51/(Q51/1000))/1000 -> 45.375895 | O51: 11.052 | P51: =(O51*K51)/1000 -> 10.287064 | Q51: =((J51/1000)/I51)*4 -> 15.760382 | R51: =P51/(Q51/1000) -> 652.7167 | S51: =R51*O51 -> 7213.825
... B59: 1.29 | C59: 10 | D59: 20 | E59: =(((3.14159 * (D59/2)^2) * C59) - (3.14159 * (($E$5/2)^2)) * C59)/1000 -> 2.3561925 | F59: =((D59-$E$5)/2)/B59 -> 3.875969 | G59: =C59/B59 -> 7.751938 | H59: =F59*G59 -> 30.046271 | I59: 0.017 | J59: 8.6 | K59: =$E$3/I59 -> 22941.176 | L59: =(K59*$E$3)/1000 -> 8947.0588 | M59: =((J59/1000000)*K59^2)/2 -> 2263.0796 | N59: =(M59/(Q59/1000))/1000 -> 1118.3824 | O59: 2.2475 | P59: =(O59*K59)/1000 -> 51.560294 | Q59: =((J59/1000)/I59)*4 -> 2.0235294 | R59: =P59/(Q59/1000) -> 25480.378 | S59: =R59*O59 -> 57267.149

Sheet Coil Comparison
B3: Coil Field vs Distance
B5: Coil 1 | C5: Coil 2
A6: Wire diameter: | B6: 0.68mm | C6: 0.68
A7: Turns: | B7: 433 | C7: 649
A8: Dimensions: | B8: 10L X 50W | C8: 30L X 30W
A9: Volume: | B9: 18.85 | C9: 18.85
A10: Current: | B10: 211.2 | C10: 213.8
A11: Time constant: | B11: 1.89 | C11: 1.69
A12: Field: | B12: 4.21 | C12: 4.88
B14: Coil Field vs Time
E15: Time: (ms) | F15: Coil 1 (%) | G15: Coil 1 (Field) | H15: Coil 2 (%) | I15: Coil 2 (Field) | K15: Distance | L15: Coil 1 Field | M15: Coil 1 % | N15: Coil 2 Field | O15: Coil 2 %
B16: Coil 1 | C16: Coil 2 | E16: 0 | F16: 0 | G16: 0 | H16: 0 | I16: 0 | K16: 0 | L16: 4210 | M16: =(L16/$L$16)*100 -> 100 | N16: 4876 | O16: =(N16/$N$16)*100 -> 100
A17: Wire diameter: | B17: 0.68mm | C17: 1.02mm | E17: 1 | F17: 63 | G17: =$B$21*(F17/100) -> 5.3046 | H17: =63*0.63 -> 39.69 | I17: =$C$21*(H17/100) -> 2.952936 | K17: 1 | L17: 4174.5337 | M17: =(L17/$L$16)*100 -> 99.15757 | N17: 4869.8911 | O17: =(N17/$N$16)*100 -> 99.874715
A18: Dimensions: | B18: 10L X 30W | C18: 50L X 30W | E18: 2 | F18: =((100-F17)*0.63)+F17 -> 86.31 | G18: =$B$21*(F18/100) -> 7.267302 | H18: 63 | I18: =$C$21*(H18/100) -> 4.6872 | K18: 2 | L18: 4068.5702 | M18: =(L18/$L$16)*100 -> 96.640622 | N18: 4851.3306 | O18: =(N18/$N$16)*100 -> 99.494065
A19: Current: | B19: 643.6A | C19: 661A | E19: 3 | F19: =((100-F18)*0.63)+F18 -> 94.9347 | G19: =$B$21*(F19/100) -> 7.9935017 | H19: =(H20-H18)*0.63+H18 -> 77.6853 | I19: =$C$21*(H19/100) -> 5.7797863 | K19: 4 | L19: 3668.7086 | M19: =(L19/$L$16)*100 -> 87.142722 | N19: 4774.3182 | O19: =(N19/$N$16)*100 -> 97.914647
A20: Time constant: | B20: 0.97ms | C20: 2.03ms | E20: 4 | F20: =((100-F19)*0.63)+F19 -> 98.125839 | G20: =$B$21*(F20/100) -> 8.2621956 | H20: =(100-H18)*0.63+H18 -> 86.31 | I20: =$C$21*(H20/100) -> 6.421464 | K20: 8 | L20: 2542.6327 | M20: =(L20/$L$16)*100 -> 60.395076 | N20: 4419.3509 | O20: =(N20/$N$16)*100 -> 90.63476
A21: Field: | B21: 8.42 | C21: 7.44 | E21: 5 | F21: =((100-F20)*0.63)+F20 -> 99.30656 | G21: =$B$21*(F21/100) -> 8.3616124 | H21: =(H22-H20)*0.63+H20 -> 91.743561 | I21: =$C$21*(H21/100) -> 6.8257209 | K21: 16 | L21: 1115.2852 | M21: =(L21/$L$16)*100 -> 26.491335 | N21: 2436.5278 | O21: =(N21/$N$16)*100 -> 49.969807
E22: 6 | F22: =((100-F21)*0.63)+F21 -> 99.743427 | G22: =$B$21*(F22/100) -> 8.3983966 | H22: =(100-H20)*0.63+H20 -> 94.9347 | I22: =$C$21*(H22/100) -> 7.0631417 | K22: 32 | L22: 289.9525 | M22: =(L22/$L$16)*100 -> 6.8872328 | N22: 323.6481 | O22: =(N22/$N$16)*100 -> 6.6375738
E23: 7 | F23: =((100-F22)*0.63)+F22 -> 99.905068 | G23: =$B$21*(F23/100) -> 8.4120067 | H23: =(H24-H22)*0.63+H22 -> 96.945118 | I23: =$C$21*(H23/100) -> 7.2127167 | K23: 64 | L23: 48.5225 | M23: =(L23/$L$16)*100 -> 1.1525534 | N23: 35.8414 | O23: =(N23/$N$16)*100 -> 0.73505742
E24: 8 | F24: =((100-F23)*0.63)+F23 -> 99.964875 | G24: =$B$21*(F24/100) -> 8.4170425 | H24: =(100-H22)*0.63+H22 -> 98.125839 | I24: =$C$21*(H24/100) -> 7.3005624
E25: 9 | F25: =((100-F24)*0.63)+F24 -> 99.987004 | H25: =(H26-H24)*0.63+H24 -> 98.869694 | I25: =$C$21*(H25/100) -> 7.3559052
E26: 10 | F26: =((100-F25)*0.63)+F25 -> 99.995191 | H26: =(100-H24)*0.63+H24 -> 99.30656 | I26: =$C$21*(H26/100) -> 7.3884081
E27: 11 | F27: =((100-F26)*0.63)+F26 -> 99.998221 | H27: =(H28-H26)*0.63+H26 -> 99.581787 | I27: =$C$21*(H27/100) -> 7.4088849
E28: 12 | F28: =((100-F27)*0.63)+F27 -> 99.999342 | H28: =(100-H26)*0.63+H26 -> 99.743427 | I28: =$C$21*(H28/100) -> 7.420911
E29: 13 | F29: =((100-F28)*0.63)+F28 -> 99.999756 | H29: =(H30-H28)*0.63+H28 -> 99.845261 | I29: =$C$21*(H29/100) -> 7.4284874
E30: 14 | F30: =((100-F29)*0.63)+F29 -> 99.99991 | H30: =(100-H28)*0.63+H28 -> 99.905068 | I30: =$C$21*(H30/100) -> 7.4329371
E31: 15 | F31: =((100-F30)*0.63)+F30 -> 99.999967 | H31: =(H32-H30)*0.63+H30 -> 99.942747 | I31: =$C$21*(H31/100) -> 7.4357403
E32: 16 | F32: =((100-F31)*0.63)+F31 -> 99.999988 | H32: =(100-H30)*0.63+H30 -> 99.964875
E33: 17 | F33: =((100-F32)*0.63)+F32 -> 99.999995 | H33: =(H34-H32)*0.63+H32 -> 99.978816
E34: 18 | F34: =((100-F33)*0.63)+F33 -> 99.999998 | H34: =(100-H32)*0.63+H32 -> 99.987004
E35: 19 | F35: =((100-F34)*0.63)+F34 -> 99.999999 | H35: =(H36-H34)*0.63+H34 -> 99.992162
E36: 20 | F36: =((100-F35)*0.63)+F35 -> 100 | H36: =(100-H34)*0.63+H34 -> 99.995191

Sheet Sim 2.0 100mm
A1: PARAMETERS | E1: TIME INFO | F1: TIME INFO | H1: CAP INFO | N1: COIL INFO | R1: BULLET INFO | W1: RESULTS
A2: CAPACITOR PROPERTIES | E2: Index: | F2: Time: | G2: Next TC: | H2: Cap Voltage: | I2: Cap Charge: | J2: Cap Energy: | K2: IGBT ON: | L2: Ideal Current: | M2: Current @ NTC: | N2: Current: | O2: Inductance: | P2: Time Constant: | Q2: Field Strength: | R2: Force: | S2: Acceleration: | T2: Speed: | U2: Bullet Position: | V2: Nearest | W2: Final Velocity: | X2: Kinetic Energy: | Y2: Energy Spent: | Z2: Efficiency: | AA2: Sensor Pulse: | AB2: Coil Energy:
A3: Voltage: | B3: Capacitance: | C3: Charge: | D3: Energy: | E3: (Number) | F3: (Millisecond) | G3: (Millisecond) | H3: (Volts) | I3: (Coulombs) | J3: (Percentage) | K3: (True/False) | L3: (Amps) | M3: (Amps) | N3: (Amps) | O3: (Microhenry) | P3: (Millisecond) | Q3: (Percentage) | R3: (Newtons) | S3: (M/S^2) | T3: (Meter/Second) | U3: (Millimeter) | W3: (Meter/Second) | X3: (Joules) | Y3: (Joules) | Z3: (Percentage) | AA3: (Milliseconds) | AB3: (Joules)
A4: 385 | B4: 4600 | C4: =A4*(B4/1000000) -> 1.771 | D4: =C4 * A4 * 0.5 -> 340.9175 | E4: 0 | F4: =E4*$A$16 -> 0 | G4: =F4+P4 -> 0.65465116 | H4: =I4/($B$4/1000000) -> 385 | I4: =(B4/1000000)*$A$4 -> 1.771 | J4: =100 -> 100 | K4: =AND(F4>($A$13-$A$16),F4<($B$13+$A$16)) -> TRUE | L4: =(A4/$A$7)*K4 -> 447.67442 | M4: =(L4*0.63) -> 282.03488 | N4: 0 | O4: =IF(ABS(U4)>80,$B$7, LOOKUP(V4,'Force mapping'!$B$7:$B$167,'Force mapping'!$J$7:$J$167)) -> 563 | P4: =IF((K4*1) = 1, ((O4/1000000)/$A$7)*1000, $C$7) -> 0.65465116 | Q4: =(N4/($A$4/$A$7))*100 -> 0 | R4: =IF(ABS(U4)>80, 0, LOOKUP(V4,'Force mapping'!$B$7:$B$167,'Force mapping'!$I$7:$I$167) * (N4/5) * SIGN(U4)) -> 0 | S4: =(R4/($A$10/1000)) -> 0 | T4: =$B$10 -> 0 | U4: =C10 -> 65 | V4: =(ROUND(ABS(U4)*2,0))/2 -> 65 | W4: =T254 -> 1.8919633 | X4: =0.5 * (A10 / 1000) * W4^2 -> 0.06156783 | Y4: =((100 - J254) / 100) * ((((B4 / 1000000) * A4) * A4) / 2) -> 279.41739 | Z4: =(X5 / Y4) -> 0.0002203347 | AA4: =100/W4 -> 52.855149 | AB4: =((LOOKUP(B13,F4:F254,O4:O254)/1000000) * LOOKUP(B13,F4:F254,N4:N254)^2) / 2 -> 17.968868
A5: COIL PROPERTIES | E5: =E4+1 -> 1 | F5: =E5*$A$16 -> 0.05 | G5: =F5+P5 -> 0.70465116 | H5: =I5/($B$4/1000000) -> 385 | I5: =IF((K4*1)=1,I4-((N4/1000)*$A$16),I4) -> 1.771 | J5: =(((I5*H5)/2)/$D$4)*100 -> 100 | K5: =AND(F5>($A$13-$A$16),F5<($B$13+$A$16)) -> TRUE | L5: =(H4/$A$7)*K5 -> 447.67442 | M5: =M4+(L5-M4)*0.63 -> 386.38779 | N5: =N4+((M4-N4)/((G4-F4)/$A$16)) -> 21.540853 | O5: =IF(ABS(U5)>80,$B$7, LOOKUP(V5,'Force mapping'!$B$7:$B$167,'Force mapping'!$J$7:$J$167)) -> 563 | P5: =IF((K5*1) = 1, ((O5/1000000)/$A$7)*1000, $C$7) -> 0.65465116 | Q5: =(N5/($A$4/$A$7))*100 -> 4.8117229 | R5: =IF(ABS(U5)>80, 0, LOOKUP(V5,'Force mapping'!$B$7:$B$167,'Force mapping'!$I$7:$I$167) * (N5/5) * SIGN(U5)) -> 0.79373734 | S5: =(R5/($A$10/1000)) -> 23.07376 | T5: =T4+(S4/1000)*$A$16 -> 0 | U5: =U4-((T4*$A$16) + (0.5 * (T5-T4))) -> 65 | V5: =(ROUND(ABS(U5)*2,0))/2 -> 65 | W5: =W4 - B10 -> 1.8919633 | X5: =(0.5 * (A10 / 1000) * T204^2) - (0.5 * (A10 / 1000) * B10^2) -> 0.061565346 | Y5: =Y4/D4 -> 0.81960413
A6: Resistance: | B6: Inductance: | C6: Time Constant: | E6: =E5+1 -> 2 | F6: =E6*$A$16 -> 0.1 | G6: =F6+P6 -> 0.75465116 | H6: =I6/($B$4/1000000) -> 384.76586 | I6: =IF((K5*1)=1,I5-((N5/1000)*$A$16),I5) -> 1.769923 | J6: =(((I6*H6)/2)/$D$4)*100 -> 99.878406 | K6: =AND(F6>($A$13-$A$16),F6<($B$13+$A$16)) -> TRUE | L6: =(H5/$A$7)*K6 -> 447.67442 | M6: =M5+(L6-M5)*0.63 -> 424.99837 | N6: =N5+((M5-N5)/((G5-F5)/$A$16)) -> 49.406605 | O6: =IF(ABS(U6)>80,$B$7, LOOKUP(V6,'Force mapping'!$B$7:$B$167,'Force mapping'!$J$7:$J$167)) -> 563 | P6: =IF((K6*1) = 1, ((O6/1000000)/$A$7)*1000, $C$7) -> 0.65465116 | Q6: =(N6/($A$4/$A$7))*100 -> 11.03628 | R6: =IF(ABS(U6)>80, 0, LOOKUP(V6,'Force mapping'!$B$7:$B$167,'Force mapping'!$I$7:$I$167) * (N6/5) * SIGN(U6)) -> 1.8205346 | S6: =(R6/($A$10/1000)) -> 52.922516 | T6: =T5+(S5/1000)*$A$16 -> 0.001153688 | U6: =U5-((T5*$A$16) + (0.5 * (T6-T5))) -> 64.999423 | V6: =(ROUND(ABS(U6)*2,0))/2 -> 65
A7: 0.86 | B7: 536 | C7: 0.623 | E7: =E6+1 -> 3 | F7: =E7*$A$16 -> 0.15 | G7: =F7+P7 -> 0.80465116 | H7: =I7/($B$4/1000000) -> 384.22883 | I7: =IF((K6*1)=1,I6-((N6/1000)*$A$16),I6) -> 1.7674526 | J7: =(((I7*H7)/2)/$D$4)*100 -> 99.599794 | K7: =AND(F7>($A$13-$A$16),F7<($B$13+$A$16)) -> TRUE | L7: =(H6/$A$7)*K7 -> 447.40216 | M7: =M6+(L7-M6)*0.63 -> 439.11276 | N7: =N6+((M6-N6)/((G6-F6)/$A$16)) -> 78.093009 | O7: =IF(ABS(U7)>80,$B$7, LOOKUP(V7,'Force mapping'!$B$7:$B$167,'Force mapping'!$J$7:$J$167)) -> 563 | P7: =IF((K7*1) = 1, ((O7/1000000)/$A$7)*1000, $C$7) -> 0.65465116 | Q7: =(N7/($A$4/$A$7))*100 -> 17.444153 | R7: =IF(ABS(U7)>80, 0, LOOKUP(V7,'Force mapping'!$B$7:$B$167,'Force mapping'!$I$7:$I$167) * (N7/5) * SIGN(U7)) -> 2.8775712 | S7: =(R7/($A$10/1000)) -> 83.650326 | T7: =T6+(S6/1000)*$A$16 -> 0.0037998138 | U7: =U6-((T6*$A$16) + (0.5 * (T7-T6))) -> 64.998042 | V7: =(ROUND(ABS(U7)*2,0))/2 -> 65
A8: PROJECTILE PROPERTIES | E8: =E7+1 -> 4 | F8: =E8*$A$16 -> 0.2 | G8: =F8+P8 -> 0.85465116 | H8: =I8/($B$4/1000000) -> 383.37999 | I8: =IF((K7*1)=1,I7-((N7/1000)*$A$16),I7) -> 1.763548 | J8: =(((I8*H8)/2)/$D$4)*100 -> 99.160209 | K8: =AND(F8>($A$13-$A$16),F8<($B$13+$A$16)) -> TRUE | L8: =(H7/$A$7)*K8 -> 446.77771 | M8: =M7+(L8-M7)*0.63 -> 443.94168 | N8: =N7+((M7-N7)/((G7-F7)/$A$16)) -> 105.66645 | O8: =IF(ABS(U8)>80,$B$7, LOOKUP(V8,'Force mapping'!$B$7:$B$167,'Force mapping'!$J$7:$J$167)) -> 563 | P8: =IF((K8*1) = 1, ((O8/1000000)/$A$7)*1000, $C$7) -> 0.65465116 | Q8: =(N8/($A$4/$A$7))*100 -> 23.603416 | R8: =IF(ABS(U8)>80, 0, LOOKUP(V8,'Force mapping'!$B$7:$B$167,'Force mapping'!$I$7:$I$167) * (N8/5) * SIGN(U8)) -> 3.8935975 | S8: =(R8/($A$10/1000)) -> 113.18597 | T8: =T7+(S7/1000)*$A$16 -> 0.0079823301 | U8: =U7-((T7*$A$16) + (0.5 * (T8-T7))) -> 64.995761 | V8: =(ROUND(ABS(U8)*2,0))/2 -> 65
A9: Mass: | B9: Starting Speed: | C9: Starting Position: | E9: =E8+1 -> 5 | F9: =E9*$A$16 -> 0.25 | G9: =F9+P9 -> 0.90465116 | H9: =I9/($B$4/1000000) -> 382.23145 | I9: =IF((K8*1)=1,I8-((N8/1000)*$A$16),I8) -> 1.7582647 | J9: =(((I9*H9)/2)/$D$4)*100 -> 98.566962 | K9: =AND(F9>($A$13-$A$16),F9<($B$13+$A$16)) -> TRUE | L9: =(H8/$A$7)*K9 -> 445.79069 | M9: =M8+(L9-M8)*0.63 -> 445.10656 | N9: =N8+((M8-N8)/((G8-F8)/$A$16)) -> 131.50275 | O9: =IF(ABS(U9)>80,$B$7, LOOKUP(V9,'Force mapping'!$B$7:$B$167,'Force mapping'!$J$7:$J$167)) -> 563 | P9: =IF((K9*1) = 1, ((O9/1000000)/$A$7)*1000, $C$7) -> 0.65465116 | Q9: =(N9/($A$4/$A$7))*100 -> 29.37464 | R9: =IF(ABS(U9)>80, 0, LOOKUP(V9,'Force mapping'!$B$7:$B$167,'Force mapping'!$I$7:$I$167) * (N9/5) * SIGN(U9)) -> 4.8456133 | S9: =(R9/($A$10/1000)) -> 140.86085 | T9: =T8+(S8/1000)*$A$16 -> 0.013641629 | U9: =U8-((T8*$A$16) + (0.5 * (T9-T8))) -> 64.992532 | V9: =(ROUND(ABS(U9)*2,0))/2 -> 65
A10: 34.4 | B10: 0 | C10: 65 | E10: =E9+1 -> 6 | F10: =E10*$A$16 -> 0.3 | G10: =F10+P10 -> 0.95465116 | H10: =I10/($B$4/1000000) -> 380.80207 | I10: =IF((K9*1)=1,I9-((N9/1000)*$A$16),I9) -> 1.7516895 | J10: =(((I10*H10)/2)/$D$4)*100 -> 97.831146 | K10: =AND(F10>($A$13-$A$16),F10<($B$13+$A$16)) -> TRUE | L10: =(H9/$A$7)*K10 -> 444.45517 | M10: =M9+(L10-M9)*0.63 -> 444.69618 | N10: =N9+((M9-N9)/((G9-F9)/$A$16)) -> 155.45473 | O10: =IF(ABS(U10)>80,$B$7, LOOKUP(V10,'Force mapping'!$B$7:$B$167,'Force mapping'!$J$7:$J$167)) -> 563 | P10: =IF((K10*1) = 1, ((O10/1000000)/$A$7)*1000, $C$7) -> 0.65465116 | Q10: =(N10/($A$4/$A$7))*100 -> 34.724952 | R10: =IF(ABS(U10)>80, 0, LOOKUP(V10,'Force mapping'!$B$7:$B$167,'Force mapping'!$I$7:$I$167) * (N10/5) * SIGN(U10)) -> 5.7281958 | S10: =(R10/($A$10/1000)) -> 166.51732 | T10: =T9+(S9/1000)*$A$16 -> 0.020684671 | U10: =U9-((T9*$A$16) + (0.5 * (T10-T9))) -> 64.988329 | V10: =(ROUND(ABS(U10)*2,0))/2 -> 65
A11: SEMICONDUCTOR PROPERTIES | E11: =E10+1 -> 7 | F11: =E11*$A$16 -> 0.35 | G11: =F11+P11 -> 1.0046512 | H11: =I11/($B$4/1000000) -> 379.11234 | I11: =IF((K10*1)=1,I10-((N10/1000)*$A$16),I10) -> 1.7439168 | J11: =(((I11*H11)/2)/$D$4)*100 -> 96.964864 | K11: =AND(F11>($A$13-$A$16),F11<($B$13+$A$16)) -> TRUE | L11: =(H10/$A$7)*K11 -> 442.7931 | M11: =M10+(L11-M10)*0.63 -> 443.49724 | N11: =N10+((M10-N10)/((G10-F10)/$A$16)) -> 177.54599 | O11: =IF(ABS(U11)>80,$B$7, LOOKUP(V11,'Force mapping'!$B$7:$B$167,'Force mapping'!$J$7:$J$167)) -> 563 | P11: =IF((K11*1) = 1, ((O11/1000000)/$A$7)*1000, $C$7) -> 0.65465116 | Q11: =(N11/($A$4/$A$7))*100 -> 39.659625 | R11: =IF(ABS(U11)>80, 0, LOOKUP(V11,'Force mapping'!$B$7:$B$167,'Force mapping'!$I$7:$I$167) * (N11/5) * SIGN(U11)) -> 6.5422148 | S11: =(R11/($A$10/1000)) -> 190.18066 | T11: =T10+(S10/1000)*$A$16 -> 0.029010537 | U11: =U10-((T10*$A$16) + (0.5 * (T11-T10))) -> 64.983132 | V11: =(ROUND(ABS(U11)*2,0))/2 -> 65
A12: On Time: | B12: Off Time: | C12: Max Current: | E12: =E11+1 -> 8 | F12: =E12*$A$16 -> 0.4 | G12: =F12+P12 -> 1.0546512 | H12: =I12/($B$4/1000000) -> 377.1825 | I12: =IF((K11*1)=1,I11-((N11/1000)*$A$16),I11) -> 1.7350395 | J12: =(((I12*H12)/2)/$D$4)*100 -> 95.980189 | K12: =AND(F12>($A$13-$A$16),F12<($B$13+$A$16)) -> TRUE | L12: =(H11/$A$7)*K12 -> 440.82831 | M12: =M11+(L12-M11)*0.63 -> 441.81581 | N12: =N11+((M11-N11)/((G11-F11)/$A$16)) -> 197.85843 | O12: =IF(ABS(U12)>80,$B$7, LOOKUP(V12,'Force mapping'!$B$7:$B$167,'Force mapping'!$J$7:$J$167)) -> 563 | P12: =IF((K12*1) = 1, ((O12/1000000)/$A$7)*1000, $C$7) -> 0.65465116 | Q12: =(N12/($A$4/$A$7))*100 -> 44.196949 | R12: =IF(ABS(U12)>80, 0, LOOKUP(V12,'Force mapping'!$B$7:$B$167,'Force mapping'!$I$7:$I$167) * (N12/5) * SIGN(U12)) -> 7.2906876 | S12: =(R12/($A$10/1000)) -> 211.93859 | T12: =T11+(S11/1000)*$A$16 -> 0.03851957 | U12: =U11-((T11*$A$16) + (0.5 * (T12-T11))) -> 64.976927 | V12: =(ROUND(ABS(U12)*2,0))/2 -> 65
A13: 0 | B13: 3.5 | E13: =E12+1 -> 9 | F13: =E13*$A$16 -> 0.45 | G13: =F13+P13 -> 1.1046512 | H13: =I13/($B$4/1000000) -> 375.03186 | I13: =IF((K12*1)=1,I12-((N12/1000)*$A$16),I12) -> 1.7251466 | J13: =(((I13*H13)/2)/$D$4)*100 -> 94.888782 | K13: =AND(F13>($A$13-$A$16),F13<($B$13+$A$16)) -> TRUE | L13: =(H12/$A$7)*K13 -> 438.5843 | M13: =M12+(L13-M12)*0.63 -> 439.77996 | N13: =N12+((M12-N12)/((G12-F12)/$A$16)) -> 216.49106 | O13: =IF(ABS(U13)>80,$B$7, LOOKUP(V13,'Force mapping'!$B$7:$B$167,'Force mapping'!$J$7:$J$167)) -> 563 | P13: =IF((K13*1) = 1, ((O13/1000000)/$A$7)*1000, $C$7) -> 0.65465116 | Q13: =(N13/($A$4/$A$7))*100 -> 48.359041 | R13: =IF(ABS(U13)>80, 0, LOOKUP(V13,'Force mapping'!$B$7:$B$167,'Force mapping'!$I$7:$I$167) * (N13/5) * SIGN(U13)) -> 7.9772625 | S13: =(R13/($A$10/1000)) -> 231.89717 | T13: =T12+(S12/1000)*$A$16 -> 0.0491165 | U13: =U12-((T12*$A$16) + (0.5 * (T13-T12))) -> 64.969702 | V13: =(ROUND(ABS(U13)*2,0))/2 -> 65
A14: SIMULATION PROPERTIES | E14: =E13+1 -> 10 | F14: =E14*$A$16 -> 0.5 | G14: =F14+P14 -> 1.1546512 | H14: =I14/($B$4/1000000) -> 372.6787 | I14: =IF((K13*1)=1,I13-((N13/1000)*$A$16),I13) -> 1.714322 | J14: =(((I14*H14)/2)/$D$4)*100 -> 93.701745 | K14: =AND(F14>($A$13-$A$16),F14<($B$13+$A$16)) -> TRUE | L14: =(H13/$A$7)*K14 -> 436.08356 | M14: =M13+(L14-M13)*0.63 -> 437.45123 | N14: =N13+((M13-N13)/((G13-F13)/$A$16)) -> 233.54509 | O14: =IF(ABS(U14)>80,$B$7, LOOKUP(V14,'Force mapping'!$B$7:$B$167,'Force mapping'!$J$7:$J$167)) -> 563 | P14: =IF((K14*1) = 1, ((O14/1000000)/$A$7)*1000, $C$7) -> 0.65465116 | Q14: =(N14/($A$4/$A$7))*100 -> 52.168515 | R14: =IF(ABS(U14)>80, 0, LOOKUP(V14,'Force mapping'!$B$7:$B$167,'Force mapping'!$I$7:$I$167) * (N14/5) * SIGN(U14)) -> 8.6056696 | S14: =(R14/($A$10/1000)) -> 250.16481 | T14: =T13+(S13/1000)*$A$16 -> 0.060711358 | U14: =U13-((T13*$A$16) + (0.5 * (T14-T13))) -> 64.961449 | V14: =(ROUND(ABS(U14)*2,0))/2 -> 65
A15: Time Increment: | E15: =E14+1 -> 11 | F15: =E15*$A$16 -> 0.55 | G15: =F15+P15 -> 1.2046512 | H15: =I15/($B$4/1000000) -> 370.14016 | I15: =IF((K14*1)=1,I14-((N14/1000)*$A$16),I14) -> 1.7026448 | J15: =(((I15*H15)/2)/$D$4)*100 -> 92.429577 | K15: =AND(F15>($A$13-$A$16),F15<($B$13+$A$16)) -> TRUE | L15: =(H14/$A$7)*K15 -> 433.34732 | M15: =M14+(L15-M14)*0.63 -> 434.86577 | N15: =N14+((M14-N14)/((G14-F14)/$A$16)) -> 249.11874 | O15: =IF(ABS(U15)>80,$B$7, LOOKUP(V15,'Force mapping'!$B$7:$B$167,'Force mapping'!$J$7:$J$167)) -> 563 | P15: =IF((K15*1) = 1, ((O15/1000000)/$A$7)*1000, $C$7) -> 0.65465116 | Q15: =(N15/($A$4/$A$7))*100 -> 55.647303 | R15: =IF(ABS(U15)>80, 0, LOOKUP(V15,'Force mapping'!$B$7:$B$167,'Force mapping'!$I$7:$I$167) * (N15/5) * SIGN(U15)) -> 9.1795274 | S15: =(R15/($A$10/1000)) -> 266.84673 | T15: =T14+(S14/1000)*$A$16 -> 0.073219599 | U15: =U14-((T14*$A$16) + (0.5 * (T15-T14))) -> 64.952159 | V15: =(ROUND(ABS(U15)*2,0))/2 -> 65
A16: 0.05 | E16: =E15+1 -> 12 | F16: =E16*$A$16 -> 0.6 | G16: =F16+P16 -> 1.2546512 | H16: =I16/($B$4/1000000) -> 367.43235 | I16: =IF((K15*1)=1,I15-((N15/1000)*$A$16),I15) -> 1.6901888 | J16: =(((I16*H16)/2)/$D$4)*100 -> 91.082161 | K16: =AND(F16>($A$13-$A$16),F16<($B$13+$A$16)) -> TRUE | L16: =(H15/$A$7)*K16 -> 430.39554 | M16: =M15+(L16-M15)*0.63 -> 432.04952 | N16: =N15+((M15-N15)/((G15-F15)/$A$16)) -> 263.30546 | O16: =IF(ABS(U16)>80,$B$7, LOOKUP(V16,'Force mapping'!$B$7:$B$167,'Force mapping'!$J$7:$J$167)) -> 563 | P16: =IF((K16*1) = 1, ((O16/1000000)/$A$7)*1000, $C$7) -> 0.65465116 | Q16: =(N16/($A$4/$A$7))*100 -> 58.816285 | R16: =IF(ABS(U16)>80, 0, LOOKUP(V16,'Force mapping'!$B$7:$B$167,'Force mapping'!$I$7:$I$167) * (N16/5) * SIGN(U16)) -> 9.7022796 | S16: =(R16/($A$10/1000)) -> 282.04301 | T16: =T15+(S15/1000)*$A$16 -> 0.086561935 | U16: =U15-((T15*$A$16) + (0.5 * (T16-T15))) -> 64.941827 | V16: =(ROUND(ABS(U16)*2,0))/2 -> 65
E17: =E16+1 -> 13 | F17: =E17*$A$16 -> 0.65 | G17: =F17+P17 -> 1.3046512 | H17: =I17/($B$4/1000000) -> 364.57034 | I17: =IF((K16*1)=1,I16-((N16/1000)*$A$16),I16) -> 1.6770235 | J17: =(((I17*H17)/2)/$D$4)*100 -> 89.668767 | K17: =AND(F17>($A$13-$A$16),F17<($B$13+$A$16)) -> TRUE | L17: =(H16/$A$7)*K17 -> 427.24692 | M17: =M16+(L17-M16)*0.63 -> 429.02388 | N17: =N16+((M16-N16)/((G16-F16)/$A$16)) -> 276.19355 | O17: =IF(ABS(U17)>80,$B$7, LOOKUP(V17,'Force mapping'!$B$7:$B$167,'Force mapping'!$J$7:$J$167)) -> 563 | P17: =IF((K17*1) = 1, ((O17/1000000)/$A$7)*1000, $C$7) -> 0.65465116 | Q17: =(N17/($A$4/$A$7))*100 -> 61.695183 | R17: =IF(ABS(U17)>80, 0, LOOKUP(V17,'Force mapping'!$B$7:$B$167,'Force mapping'!$I$7:$I$167) * (N17/5) * SIGN(U17)) -> 10.17718 | S17: =(R17/($A$10/1000)) -> 295.84825 | T17: =T16+(S16/1000)*$A$16 -> 0.10066409 | U17: =U16-((T16*$A$16) + (0.5 * (T17-T16))) -> 64.930448 | V17: =(ROUND(ABS(U17)*2,0))/2 -> 65
E18: =E17+1 -> 14 | F18: =E18*$A$16 -> 0.7 | G18: =F18+P18 -> 1.3546512 | H18: =I18/($B$4/1000000) -> 361.56823 | I18: =IF((K17*1)=1,I17-((N17/1000)*$A$16),I17) -> 1.6632139 | J18: =(((I18*H18)/2)/$D$4)*100 -> 88.198068 | K18: =AND(F18>($A$13-$A$16),F18<($B$13+$A$16)) -> TRUE | L18: =(H17/$A$7)*K18 -> 423.91899 | M18: =M17+(L18-M17)*0.63 -> 425.8078 | N18: =N17+((M17-N17)/((G17-F17)/$A$16)) -> 287.8662 | O18: =IF(ABS(U18)>80,$B$7, LOOKUP(V18,'Force mapping'!$B$7:$B$167,'Force mapping'!$J$7:$J$167)) -> 563 | P18: =IF((K18*1) = 1, ((O18/1000000)/$A$7)*1000, $C$7) -> 0.65465116 | Q18: =(N18/($A$4/$A$7))*100 -> 64.302581 | R18: =IF(ABS(U18)>80, 0, LOOKUP(V18,'Force mapping'!$B$7:$B$167,'Force mapping'!$I$7:$I$167) * (N18/5) * SIGN(U18)) -> 10.607294 | S18: =(R18/($A$10/1000)) -> 308.35157 | T18: =T17+(S17/1000)*$A$16 -> 0.1154565 | U18: =U17-((T17*$A$16) + (0.5 * (T18-T17))) -> 64.918018 | V18: =(ROUND(ABS(U18)*2,0))/2 -> 65
E19: =E18+1 -> 15 | F19: =E19*$A$16 -> 0.75 | G19: =F19+P19 -> 1.4046512 | H19: =I19/($B$4/1000000) -> 358.43925 | I19: =IF((K18*1)=1,I18-((N18/1000)*$A$16),I18) -> 1.6488206 | J19: =(((I19*H19)/2)/$D$4)*100 -> 86.678156 | K19: =AND(F19>($A$13-$A$16),F19<($B$13+$A$16)) -> TRUE | L19: =(H18/$A$7)*K19 -> 420.42818 | M19: =M18+(L19-M18)*0.63 -> 422.41864 | N19: =N18+((M18-N18)/((G18-F18)/$A$16)) -> 298.40171 | O19: =IF(ABS(U19)>80,$B$7, LOOKUP(V19,'Force mapping'!$B$7:$B$167,'Force mapping'!$J$7:$J$167)) -> 563 | P19: =IF((K19*1) = 1, ((O19/1000000)/$A$7)*1000, $C$7) -> 0.65465116 | Q19: =(N19/($A$4/$A$7))*100 -> 66.655966 | R19: =IF(ABS(U19)>80, 0, LOOKUP(V19,'Force mapping'!$B$7:$B$167,'Force mapping'!$I$7:$I$167) * (N19/5) * SIGN(U19)) -> 10.995506 | S19: =(R19/($A$10/1000)) -> 319.63681 | T19: =T18+(S18/1000)*$A$16 -> 0.13087408 | U19: =U18-((T18*$A$16) + (0.5 * (T19-T18))) -> 64.904537 | V19: =(ROUND(ABS(U19)*2,0))/2 -> 65
E20: =E19+1 -> 16 | F20: =E20*$A$16 -> 0.8 | G20: =F20+P20 -> 1.4546512 | H20: =I20/($B$4/1000000) -> 355.19575 | I20: =IF((K19*1)=1,I19-((N19/1000)*$A$16),I19) -> 1.6339005 | J20: =(((I20*H20)/2)/$D$4)*100 -> 85.116562 | K20: =AND(F20>($A$13-$A$16),F20<($B$13+$A$16)) -> TRUE | L20: =(H19/$A$7)*K20 -> 416.78983 | M20: =M19+(L20-M19)*0.63 -> 418.87249 | N20: =N19+((M19-N19)/((G19-F19)/$A$16)) -> 307.87369 | O20: =IF(ABS(U20)>80,$B$7, LOOKUP(V20,'Force mapping'!$B$7:$B$167,'Force mapping'!$J$7:$J$167)) -> 563 | P20: =IF((K20*1) = 1, ((O20/1000000)/$A$7)*1000, $C$7) -> 0.65465116 | Q20: =(N20/($A$4/$A$7))*100 -> 68.771786 | R20: =IF(ABS(U20)>80, 0, LOOKUP(V20,'Force mapping'!$B$7:$B$167,'Force mapping'!$I$7:$I$167) * (N20/5) * SIGN(U20)) -> 11.34453 | S20: =(R20/($A$10/1000)) -> 329.78285 | T20: =T19+(S19/1000)*$A$16 -> 0.14685592 | U20: =U19-((T19*$A$16) + (0.5 * (T20-T19))) -> 64.890002 | V20: =(ROUND(ABS(U20)*2,0))/2 -> 65
E21: =E20+1 -> 17 | F21: =E21*$A$16 -> 0.85 | G21: =F21+P21 -> 1.5046512 | H21: =I21/($B$4/1000000) -> 351.8493 | I21: =IF((K20*1)=1,I20-((N20/1000)*$A$16),I20) -> 1.6185068 | J21: =(((I21*H21)/2)/$D$4)*100 -> 83.520277 | K21: =AND(F21>($A$13-$A$16),F21<($B$13+$A$16)) -> TRUE | L21: =(H20/$A$7)*K21 -> 413.01832 | M21: =M20+(L21-M20)*0.63 -> 415.18436 | N21: =N20+((M20-N20)/((G20-F20)/$A$16)) -> 316.3514 | O21: =IF(ABS(U21)>80,$B$7, LOOKUP(V21,'Force mapping'!$B$7:$B$167,'Force mapping'!$J$7:$J$167)) -> 563 | P21: =IF((K21*1) = 1, ((O21/1000000)/$A$7)*1000, $C$7) -> 0.65465116 | Q21: =(N21/($A$4/$A$7))*100 -> 70.665507 | R21: =IF(ABS(U21)>80, 0, LOOKUP(V21,'Force mapping'!$B$7:$B$167,'Force mapping'!$I$7:$I$167) * (N21/5) * SIGN(U21)) -> 11.656916 | S21: =(R21/($A$10/1000)) -> 338.86385 | T21: =T20+(S20/1000)*$A$16 -> 0.16334506 | U21: =U20-((T20*$A$16) + (0.5 * (T21-T20))) -> 64.874415 | V21: =(ROUND(ABS(U21)*2,0))/2 -> 65
E22: =E21+1 -> 18 | F22: =E22*$A$16 -> 0.9 | G22: =F22+P22 -> 1.5546512 | H22: =I22/($B$4/1000000) -> 348.4107 | I22: =IF((K21*1)=1,I21-((N21/1000)*$A$16),I21) -> 1.6026892 | J22: =(((I22*H22)/2)/$D$4)*100 -> 81.895777 | K22: =AND(F22>($A$13-$A$16),F22<($B$13+$A$16)) -> TRUE | L22: =(H21/$A$7)*K22 -> 409.12709 | M22: =M21+(L22-M21)*0.63 -> 411.36828 | N22: =N21+((M21-N21)/((G21-F21)/$A$16)) -> 323.89992 | O22: =IF(ABS(U22)>80,$B$7, LOOKUP(V22,'Force mapping'!$B$7:$B$167,'Force mapping'!$J$7:$J$167)) -> 563 | P22: =IF((K22*1) = 1, ((O22/1000000)/$A$7)*1000, $C$7) -> 0.65465116 | Q22: =(N22/($A$4/$A$7))*100 -> 72.35167 | R22: =IF(ABS(U22)>80, 0, LOOKUP(V22,'Force mapping'!$B$7:$B$167,'Force mapping'!$I$7:$I$167) * (N22/5) * SIGN(U22)) -> 11.935064 | S22: =(R22/($A$10/1000)) -> 346.94954 | T22: =T21+(S21/1000)*$A$16 -> 0.18028825 | U22: =U21-((T21*$A$16) + (0.5 * (T22-T21))) -> 64.857776 | V22: =(ROUND(ABS(U22)*2,0))/2 -> 65
E23: =E22+1 -> 19 | F23: =E23*$A$16 -> 0.95 | G23: =F23+P23 -> 1.6046512 | H23: =I23/($B$4/1000000) -> 344.89005 | I23: =IF((K22*1)=1,I22-((N22/1000)*$A$16),I22) -> 1.5864942 | J23: =(((I23*H23)/2)/$D$4)*100 -> 80.249043 | K23: =AND(F23>($A$13-$A$16),F23<($B$13+$A$16)) -> TRUE | L23: =(H22/$A$7)*K23 -> 405.12872 | M23: =M22+(L23-M22)*0.63 -> 407.43736 | N23: =N22+((M22-N22)/((G22-F22)/$A$16)) -> 330.58045 | O23: =IF(ABS(U23)>80,$B$7, LOOKUP(V23,'Force mapping'!$B$7:$B$167,'Force mapping'!$J$7:$J$167)) -> 563 | P23: =IF((K23*1) = 1, ((O23/1000000)/$A$7)*1000, $C$7) -> 0.65465116 | Q23: =(N23/($A$4/$A$7))*100 -> 73.843945 | R23: =IF(ABS(U23)>80, 0, LOOKUP(V23,'Force mapping'!$B$7:$B$167,'Force mapping'!$I$7:$I$167) * (N23/5) * SIGN(U23)) -> 12.181229 | S23: =(R23/($A$10/1000)) -> 354.10548 | T23: =T22+(S22/1000)*$A$16 -> 0.19763573 | U23: =U22-((T22*$A$16) + (0.5 * (T23-T22))) -> 64.840088 | V23: =(ROUND(ABS(U23)*2,0))/2 -> 65
E24: =E23+1 -> 20 | F24: =E24*$A$16 -> 1 | G24: =F24+P24 -> 1.6546512 | H24: =I24/($B$4/1000000) -> 341.29678 | I24: =IF((K23*1)=1,I23-((N23/1000)*$A$16),I23) -> 1.5699652 | J24: =(((I24*H24)/2)/$D$4)*100 -> 78.585592 | K24: =AND(F24>($A$13-$A$16),F24<($B$13+$A$16)) -> TRUE | L24: =(H23/$A$7)*K24 -> 401.03494 | M24: =M23+(L24-M23)*0.63 -> 403.40383 | N24: =N23+((M23-N23)/((G23-F23)/$A$16)) -> 336.45052 | O24: =IF(ABS(U24)>80,$B$7, LOOKUP(V24,'Force mapping'!$B$7:$B$167,'Force mapping'!$J$7:$J$167)) -> 563 | P24: =IF((K24*1) = 1, ((O24/1000000)/$A$7)*1000, $C$7) -> 0.65465116 | Q24: =(N24/($A$4/$A$7))*100 -> 75.155181 | R24: =IF(ABS(U24)>80, 0, LOOKUP(V24,'Force mapping'!$B$7:$B$167,'Force mapping'!$I$7:$I$167) * (N24/5) * SIGN(U24)) -> 12.397529 | S24: =(R24/($A$10/1000)) -> 360.39328 | T24: =T23+(S23/1000)*$A$16 -> 0.215341 | U24: =U23-((T23*$A$16) + (0.5 * (T24-T23))) -> 64.821353 | V24: =(ROUND(ABS(U24)*2,0))/2 -> 65
E25: =E24+1 -> 21 | F25: =E25*$A$16 -> 1.05 | G25: =F25+P25 -> 1.7046512 | H25: =I25/($B$4/1000000) -> 337.63971 | I25: =IF((K24*1)=1,I24-((N24/1000)*$A$16),I24) -> 1.5531427 | J25: =(((I25*H25)/2)/$D$4)*100 -> 76.91049 | K25: =AND(F25>($A$13-$A$16),F25<($B$13+$A$16)) -> TRUE | L25: =(H24/$A$7)*K25 -> 396.85672 | M25: =M24+(L25-M24)*0.63 -> 399.27915 | N25: =N24+((M24-N24)/((G24-F24)/$A$16)) -> 341.56418 | O25: =IF(ABS(U25)>80,$B$7, LOOKUP(V25,'Force mapping'!$B$7:$B$167,'Force mapping'!$J$7:$J$167)) -> 563 | P25: =IF((K25*1) = 1, ((O25/1000000)/$A$7)*1000, $C$7) -> 0.65465116 | Q25: =(N25/($A$4/$A$7))*100 -> 76.297454 | R25: =IF(ABS(U25)>80, 0, LOOKUP(V25,'Force mapping'!$B$7:$B$167,'Force mapping'!$I$7:$I$167) * (N25/5) * SIGN(U25)) -> 12.585957 | S25: =(R25/($A$10/1000)) -> 365.87084 | T25: =T24+(S24/1000)*$A$16 -> 0.23336067 | U25: =U24-((T24*$A$16) + (0.5 * (T25-T24))) -> 64.801577 | V25: =(ROUND(ABS(U25)*2,0))/2 -> 65
E26: =E25+1 -> 22 | F26: =E26*$A$16 -> 1.1 | G26: =F26+P26 -> 1.7546512 | H26: =I26/($B$4/1000000) -> 333.92706 | I26: =IF((K25*1)=1,I25-((N25/1000)*$A$16),I25) -> 1.5360645 | J26: =(((I26*H26)/2)/$D$4)*100 -> 75.228389 | K26: =AND(F26>($A$13-$A$16),F26<($B$13+$A$16)) -> TRUE | L26: =(H25/$A$7)*K26 -> 392.60431 | M26: =M25+(L26-M25)*0.63 -> 395.07401 | N26: =N25+((M25-N25)/((G25-F25)/$A$16)) -> 345.97225 | O26: =IF(ABS(U26)>80,$B$7, LOOKUP(V26,'Force mapping'!$B$7:$B$167,'Force mapping'!$J$7:$J$167)) -> 563 | P26: =IF((K26*1) = 1, ((O26/1000000)/$A$7)*1000, $C$7) -> 0.65465116 | Q26: =(N26/($A$4/$A$7))*100 -> 77.282113 | R26: =IF(ABS(U26)>80, 0, LOOKUP(V26,'Force mapping'!$B$7:$B$167,'Force mapping'!$I$7:$I$167) * (N26/5) * SIGN(U26)) -> 12.748386 | S26: =(R26/($A$10/1000)) -> 370.5926 | T26: =T25+(S25/1000)*$A$16 -> 0.25165421 | U26: =U25-((T25*$A$16) + (0.5 * (T26-T25))) -> 64.780762 | V26: =(ROUND(ABS(U26)*2,0))/2 -> 65
E27: =E26+1 -> 23 | F27: =E27*$A$16 -> 1.15 | G27: =F27+P27 -> 1.8046512 | H27: =I27/($B$4/1000000) -> 330.16649 | I27: =IF((K26*1)=1,I26-((N26/1000)*$A$16),I26) -> 1.5187658 | J27: =(((I27*H27)/2)/$D$4)*100 -> 73.543539 | K27: =AND(F27>($A$13-$A$16),F27<($B$13+$A$16)) -> TRUE | L27: =(H26/$A$7)*K27 -> 388.28727 | M27: =M26+(L27-M26)*0.63 -> 390.79837 | N27: =N26+((M26-N26)/((G26-F26)/$A$16)) -> 349.72247 | O27: =IF(ABS(U27)>80,$B$7, LOOKUP(V27,'Force mapping'!$B$7:$B$167,'Force mapping'!$J$7:$J$167)) -> 563 | P27: =IF((K27*1) = 1, ((O27/1000000)/$A$7)*1000, $C$7) -> 0.65465116 | Q27: =(N27/($A$4/$A$7))*100 -> 78.119826 | R27: =IF(ABS(U27)>80, 0, LOOKUP(V27,'Force mapping'!$B$7:$B$167,'Force mapping'!$I$7:$I$167) * (N27/5) * SIGN(U27)) -> 12.886574 | S27: =(R27/($A$10/1000)) -> 374.6097 | T27: =T26+(S26/1000)*$A$16 -> 0.27018384 | U27: =U26-((T26*$A$16) + (0.5 * (T27-T26))) -> 64.758914 | V27: =(ROUND(ABS(U27)*2,0))/2 -> 65
E28: =E27+1 -> 24 | F28: =E28*$A$16 -> 1.2 | G28: =F28+P28 -> 1.8604651 | H28: =I28/($B$4/1000000) -> 326.36516 | I28: =IF((K27*1)=1,I27-((N27/1000)*$A$16),I27) -> 1.5012797 | J28: =(((I28*H28)/2)/$D$4)*100 -> 71.859818 | K28: =AND(F28>($A$13-$A$16),F28<($B$13+$A$16)) -> TRUE | L28: =(H27/$A$7)*K28 -> 383.91452 | M28: =M27+(L28-M27)*0.63 -> 386.46154 | N28: =N27+((M27-N27)/((G27-F27)/$A$16)) -> 352.85971 | O28: =IF(ABS(U28)>80,$B$7, LOOKUP(V28,'Force mapping'!$B$7:$B$167,'Force mapping'!$J$7:$J$167)) -> 568 | P28: =IF((K28*1) = 1, ((O28/1000000)/$A$7)*1000, $C$7) -> 0.66046512 | Q28: =(N28/($A$4/$A$7))*100 -> 78.820611 | R28: =IF(ABS(U28)>80, 0, LOOKUP(V28,'Force mapping'!$B$7:$B$167,'Force mapping'!$I$7:$I$167) * (N28/5) * SIGN(U28)) -> 15.249891 | S28: =(R28/($A$10/1000)) -> 443.31078 | T28: =T27+(S27/1000)*$A$16 -> 0.28891432 | U28: =U27-((T27*$A$16) + (0.5 * (T28-T27))) -> 64.73604 | V28: =(ROUND(ABS(U28)*2,0))/2 -> 64.5
... E254: =E253+1 -> 250 | F254: =E254*$A$16 -> 12.5 | G254: =F254+P254 -> 13.123 | H254: =I254/($B$4/1000000) -> 163.52119 | I254: =IF((K253*1)=1,I253-((N253/1000)*$A$16),I253) -> 0.75219746 | J254: =(((I254*H254)/2)/$D$4)*100 -> 18.039587 | K254: =AND(F254>($A$13-$A$16),F254<($B$13+$A$16)) -> FALSE | L254: =(H253/$A$7)*K254 -> 0 | M254: =M253+(L254-M253)*0.63 -> 3.7466126e-76 | N254: =N253+((M253-N253)/((G253-F253)/$A$16)) -> 7.9460866e-05 | O254: =IF(ABS(U254)>80,$B$7, LOOKUP(V254,'Force mapping'!$B$7:$B$167,'Force mapping'!$J$7:$J$167)) -> 1406 | P254: =IF((K254*1) = 1, ((O254/1000000)/$A$7)*1000, $C$7) -> 0.623 | Q254: =(N254/($A$4/$A$7))*100 -> 1.77497e-05 | R254: =IF(ABS(U254)>80, 0, LOOKUP(V254,'Force mapping'!$B$7:$B$167,'Force mapping'!$I$7:$I$167) * (N254/5) * SIGN(U254)) -> 3.9901433e-05 | S254: =(R254/($A$10/1000)) -> 0.0011599254 | T254: =T253+(S253/1000)*$A$16 -> 1.8919633 | U254: =U253-((T253*$A$16) + (0.5 * (T254-T253))) -> 45.388511 | V254: =(ROUND(ABS(U254)*2,0))/2 -> 45.5

Sheet Sim 2.0 50mm
A1: PARAMETERS | E1: TIME INFO | H1: CAP INFO | N1: COIL INFO | R1: BULLET INFO | W1: RESULTS
A2: CAPACITOR PROPERTIES | E2: Index: | F2: Time: | G2: Next TC: | H2: Cap Voltage: | I2: Cap Charge: | J2: Cap Energy: | K2: IGBT ON: | L2: Ideal Current: | M2: Current @ NTC: | N2: Current: | O2: Inductance: | P2: Time Constant: | Q2: Field Strength: | R2: Force: | S2: Acceleration: | T2: Speed: | U2: Bullet Position: | V2: Nearest | W2: Final Velocity: | X2: Kinetic Energy: | Y2: Energy Spent: | Z2: Efficiency: | AA2: Sensor Pulse: | AB2: Coil Energy:
A3: Voltage: | B3: Capacitance: | C3: Charge: | D3: Energy: | E3: (Number) | F3: (Millisecond) | G3: (Millisecond) | H3: (Volts) | I3: (Coulombs) | J3: (Percentage) | K3: (True/False) | L3: (Amps) | M3: (Amps) | N3: (Amps) | O3: (Microhenry) | P3: (Millisecond) | Q3: (Percentage) | R3: (Newtons) | S3: (M/S^2) | T3: (Meter/Second) | U3: (Millimeter) | W3: (Meter/Second) | X3: (Joules) | Y3: (Joules) | Z3: (Percentage) | AA3: (Milliseconds) | AB3: (Joules)
A4: 390 | B4: 4590 | C4: =A4*(B4/1000000) -> 1.7901 | D4: =C4 * A4 * 0.5 -> 349.0695 | E4: 0 | F4: =E4*$A$16 -> 0 | G4: =F4+P4 -> 0.62325581 | H4: =I4/($B$4/1000000) -> 390 | I4: =(B4/1000000)*$A$4 -> 1.7901 | J4: =100 -> 100 | K4: =AND(F4>($A$13-$A$16),F4<($B$13+$A$16)) -> TRUE | L4: =(A4/$A$7)*K4 -> 453.48837 | M4: =(L4*0.63) -> 285.69767 | N4: 0 | O4: =IF(ABS(U4)>80,$B$7, LOOKUP(V4,'Force mapping'!$B$7:$B$167,'Force mapping'!$E$7:$E$167)) -> 536 | P4: =IF((K4*1) = 1, ((O4/1000000)/$A$7)*1000, $C$7) -> 0.62325581 | Q4: =(N4/($A$4/$A$7))*100 -> 0 | R4: =IF(ABS(U4)>80, 0, LOOKUP(V4,'Force mapping'!$B$7:$B$167,'Force mapping'!$D$7:$D$167) * (N4/5) * SIGN(U4)) -> 0 | S4: =(R4/($A$10/1000)) -> 0 | T4: =$B$10 -> 27.98 | U4: =C10 -> 81 | V4: =(ROUND(ABS(U4)*2,0))/2 -> 81 | W4: =T254 -> 32.399884 | X4: =0.5 * (A10 / 1000) * W4^2 -> 9.0278713 | Y4: =((100 - J254) / 100) * ((((B4 / 1000000) * A4) * A4) / 2) -> 210.01973 | Z4: =(X5 / Y4) -> 0.01092802 | AA4: =50/W4 -> 1.5432154 | AB4: =((LOOKUP(B13,F4:F254,O4:O254)/1000000) * LOOKUP(B13,F4:F254,N4:N254)^2) / 2 -> 99.579156
A5: COIL PROPERTIES | E5: =E4+1 -> 1 | F5: =E5*$A$16 -> 0.05 | G5: =F5+P5 -> 0.67325581 | H5: =I5/($B$4/1000000) -> 390 | I5: =IF((K4*1)=1,I4-((N4/1000)*$A$16),I4) -> 1.7901 | J5: =(((I5*H5)/2)/$D$4)*100 -> 100 | K5: =AND(F5>($A$13-$A$16),F5<($B$13+$A$16)) -> TRUE | L5: =(H4/$A$7)*K5 -> 453.48837 | M5: =M4+(L5-M4)*0.63 -> 391.40581 | N5: =N4+((M4-N4)/((G4-F4)/$A$16)) -> 22.919776 | O5: =IF(ABS(U5)>80,$B$7, LOOKUP(V5,'Force mapping'!$B$7:$B$167,'Force mapping'!$E$7:$E$167)) -> 536 | P5: =IF((K5*1) = 1, ((O5/1000000)/$A$7)*1000, $C$7) -> 0.62325581 | Q5: =(N5/($A$4/$A$7))*100 -> 5.0541045 | R5: =IF(ABS(U5)>80, 0, LOOKUP(V5,'Force mapping'!$B$7:$B$167,'Force mapping'!$D$7:$D$167) * (N5/5) * SIGN(U5)) -> 0 | S5: =(R5/($A$10/1000)) -> 0 | T5: =T4+(S4/1000)*$A$16 -> 27.98 | U5: =U4-((T4*$A$16) + (0.5 * (T5-T4))) -> 79.601 | V5: =(ROUND(ABS(U5)*2,0))/2 -> 79.5 | W5: =W4 - B10 -> 4.4198838 | X5: =(0.5 * (A10 / 1000) * T204^2) - (0.5 * (A10 / 1000) * B10^2) -> 2.2950998 | Y5: =Y4/D4 -> 0.60165592
A6: Resistance: | B6: Inductance: | C6: Time Constant: | E6: =E5+1 -> 2 | F6: =E6*$A$16 -> 0.1 | G6: =F6+P6 -> 0.72325581 | H6: =I6/($B$4/1000000) -> 389.75033 | I6: =IF((K5*1)=1,I5-((N5/1000)*$A$16),I5) -> 1.788954 | J6: =(((I6*H6)/2)/$D$4)*100 -> 99.872005 | K6: =AND(F6>($A$13-$A$16),F6<($B$13+$A$16)) -> TRUE | L6: =(H5/$A$7)*K6 -> 453.48837 | M6: =M5+(L6-M5)*0.63 -> 430.51783 | N6: =N5+((M5-N5)/((G5-F5)/$A$16)) -> 52.481156 | O6: =IF(ABS(U6)>80,$B$7, LOOKUP(V6,'Force mapping'!$B$7:$B$167,'Force mapping'!$E$7:$E$167)) -> 536 | P6: =IF((K6*1) = 1, ((O6/1000000)/$A$7)*1000, $C$7) -> 0.62325581 | Q6: =(N6/($A$4/$A$7))*100 -> 11.572768 | R6: =IF(ABS(U6)>80, 0, LOOKUP(V6,'Force mapping'!$B$7:$B$167,'Force mapping'!$D$7:$D$167) * (N6/5) * SIGN(U6)) -> 0 | S6: =(R6/($A$10/1000)) -> 0 | T6: =T5+(S5/1000)*$A$16 -> 27.98 | U6: =U5-((T5*$A$16) + (0.5 * (T6-T5))) -> 78.202 | V6: =(ROUND(ABS(U6)*2,0))/2 -> 78
A7: 0.86 | B7: 536 | C7: 0.623 | E7: =E6+1 -> 3 | F7: =E7*$A$16 -> 0.15 | G7: =F7+P7 -> 0.77325581 | H7: =I7/($B$4/1000000) -> 389.17864 | I7: =IF((K6*1)=1,I6-((N6/1000)*$A$16),I6) -> 1.78633 | J7: =(((I7*H7)/2)/$D$4)*100 -> 99.579233 | K7: =AND(F7>($A$13-$A$16),F7<($B$13+$A$16)) -> TRUE | L7: =(H6/$A$7)*K7 -> 453.19806 | M7: =M6+(L7-M6)*0.63 -> 444.80637 | N7: =N6+((M6-N6)/((G6-F6)/$A$16)) -> 82.808725 | O7: =IF(ABS(U7)>80,$B$7, LOOKUP(V7,'Force mapping'!$B$7:$B$167,'Force mapping'!$E$7:$E$167)) -> 536 | P7: =IF((K7*1) = 1, ((O7/1000000)/$A$7)*1000, $C$7) -> 0.62325581 | Q7: =(N7/($A$4/$A$7))*100 -> 18.260385 | R7: =IF(ABS(U7)>80, 0, LOOKUP(V7,'Force mapping'!$B$7:$B$167,'Force mapping'!$D$7:$D$167) * (N7/5) * SIGN(U7)) -> 0 | S7: =(R7/($A$10/1000)) -> 0 | T7: =T6+(S6/1000)*$A$16 -> 27.98 | U7: =U6-((T6*$A$16) + (0.5 * (T7-T6))) -> 76.803 | V7: =(ROUND(ABS(U7)*2,0))/2 -> 77
A8: PROJECTILE PROPERTIES | E8: =E7+1 -> 4 | F8: =E8*$A$16 -> 0.2 | G8: =F8+P8 -> 0.82325581 | H8: =I8/($B$4/1000000) -> 388.27658 | I8: =IF((K7*1)=1,I7-((N7/1000)*$A$16),I7) -> 1.7821895 | J8: =(((I8*H8)/2)/$D$4)*100 -> 99.118149 | K8: =AND(F8>($A$13-$A$16),F8<($B$13+$A$16)) -> TRUE | L8: =(H7/$A$7)*K8 -> 452.5333 | M8: =M7+(L8-M7)*0.63 -> 449.67434 | N8: =N7+((M7-N7)/((G7-F7)/$A$16)) -> 111.84958 | O8: =IF(ABS(U8)>80,$B$7, LOOKUP(V8,'Force mapping'!$B$7:$B$167,'Force mapping'!$E$7:$E$167)) -> 536 | P8: =IF((K8*1) = 1, ((O8/1000000)/$A$7)*1000, $C$7) -> 0.62325581 | Q8: =(N8/($A$4/$A$7))*100 -> 24.664267 | R8: =IF(ABS(U8)>80, 0, LOOKUP(V8,'Force mapping'!$B$7:$B$167,'Force mapping'!$D$7:$D$167) * (N8/5) * SIGN(U8)) -> 0 | S8: =(R8/($A$10/1000)) -> 0 | T8: =T7+(S7/1000)*$A$16 -> 27.98 | U8: =U7-((T7*$A$16) + (0.5 * (T8-T7))) -> 75.404 | V8: =(ROUND(ABS(U8)*2,0))/2 -> 75.5
A9: Mass: | B9: Starting Speed: | C9: Starting Position: | E9: =E8+1 -> 5 | F9: =E9*$A$16 -> 0.25 | G9: =F9+P9 -> 0.87325581 | H9: =I9/($B$4/1000000) -> 387.05818 | I9: =IF((K8*1)=1,I8-((N8/1000)*$A$16),I8) -> 1.776597 | J9: =(((I9*H9)/2)/$D$4)*100 -> 98.497063 | K9: =AND(F9>($A$13-$A$16),F9<($B$13+$A$16)) -> TRUE | L9: =(H8/$A$7)*K9 -> 451.4844 | M9: =M8+(L9-M8)*0.63 -> 450.81468 | N9: =N8+((M8-N8)/((G8-F8)/$A$16)) -> 138.95119 | O9: =IF(ABS(U9)>80,$B$7, LOOKUP(V9,'Force mapping'!$B$7:$B$167,'Force mapping'!$E$7:$E$167)) -> 536 | P9: =IF((K9*1) = 1, ((O9/1000000)/$A$7)*1000, $C$7) -> 0.62325581 | Q9: =(N9/($A$4/$A$7))*100 -> 30.64052 | R9: =IF(ABS(U9)>80, 0, LOOKUP(V9,'Force mapping'!$B$7:$B$167,'Force mapping'!$D$7:$D$167) * (N9/5) * SIGN(U9)) -> 0 | S9: =(R9/($A$10/1000)) -> 0 | T9: =T8+(S8/1000)*$A$16 -> 27.98 | U9: =U8-((T8*$A$16) + (0.5 * (T9-T8))) -> 74.005 | V9: =(ROUND(ABS(U9)*2,0))/2 -> 74
A10: 17.2 | B10: 27.98 | C10: 81 | E10: =E9+1 -> 6 | F10: =E10*$A$16 -> 0.3 | G10: =F10+P10 -> 0.92325581 | H10: =I10/($B$4/1000000) -> 385.54455 | I10: =IF((K9*1)=1,I9-((N9/1000)*$A$16),I9) -> 1.7696495 | J10: =(((I10*H10)/2)/$D$4)*100 -> 97.728204 | K10: =AND(F10>($A$13-$A$16),F10<($B$13+$A$16)) -> TRUE | L10: =(H9/$A$7)*K10 -> 450.06765 | M10: =M9+(L10-M9)*0.63 -> 450.34405 | N10: =N9+((M9-N9)/((G9-F9)/$A$16)) -> 163.97009 | O10: =IF(ABS(U10)>80,$B$7, LOOKUP(V10,'Force mapping'!$B$7:$B$167,'Force mapping'!$E$7:$E$167)) -> 536 | P10: =IF((K10*1) = 1, ((O10/1000000)/$A$7)*1000, $C$7) -> 0.62325581 | Q10: =(N10/($A$4/$A$7))*100 -> 36.157508 | R10: =IF(ABS(U10)>80, 0, LOOKUP(V10,'Force mapping'!$B$7:$B$167,'Force mapping'!$D$7:$D$167) * (N10/5) * SIGN(U10)) -> 0 | S10: =(R10/($A$10/1000)) -> 0 | T10: =T9+(S9/1000)*$A$16 -> 27.98 | U10: =U9-((T9*$A$16) + (0.5 * (T10-T9))) -> 72.606 | V10: =(ROUND(ABS(U10)*2,0))/2 -> 72.5
A11: SEMICONDUCTOR PROPERTIES | E11: =E10+1 -> 7 | F11: =E11*$A$16 -> 0.35 | G11: =F11+P11 -> 0.97325581 | H11: =I11/($B$4/1000000) -> 383.75838 | I11: =IF((K10*1)=1,I10-((N10/1000)*$A$16),I10) -> 1.761451 | J11: =(((I11*H11)/2)/$D$4)*100 -> 96.824784 | K11: =AND(F11>($A$13-$A$16),F11<($B$13+$A$16)) -> TRUE | L11: =(H10/$A$7)*K11 -> 448.30761 | M11: =M10+(L11-M10)*0.63 -> 449.0611 | N11: =N10+((M10-N10)/((G10-F10)/$A$16)) -> 186.94412 | O11: =IF(ABS(U11)>80,$B$7, LOOKUP(V11,'Force mapping'!$B$7:$B$167,'Force mapping'!$E$7:$E$167)) -> 536 | P11: =IF((K11*1) = 1, ((O11/1000000)/$A$7)*1000, $C$7) -> 0.62325581 | Q11: =(N11/($A$4/$A$7))*100 -> 41.223576 | R11: =IF(ABS(U11)>80, 0, LOOKUP(V11,'Force mapping'!$B$7:$B$167,'Force mapping'!$D$7:$D$167) * (N11/5) * SIGN(U11)) -> 0 | S11: =(R11/($A$10/1000)) -> 0 | T11: =T10+(S10/1000)*$A$16 -> 27.98 | U11: =U10-((T10*$A$16) + (0.5 * (T11-T10))) -> 71.207 | V11: =(ROUND(ABS(U11)*2,0))/2 -> 71
A12: On Time: | B12: Off Time: | C12: Max Current: | E12: =E11+1 -> 8 | F12: =E12*$A$16 -> 0.4 | G12: =F12+P12 -> 1.0232558 | H12: =I12/($B$4/1000000) -> 381.72195 | I12: =IF((K11*1)=1,I11-((N11/1000)*$A$16),I11) -> 1.7521038 | J12: =(((I12*H12)/2)/$D$4)*100 -> 95.799901 | K12: =AND(F12>($A$13-$A$16),F12<($B$13+$A$16)) -> TRUE | L12: =(H11/$A$7)*K12 -> 446.23068 | M12: =M11+(L12-M11)*0.63 -> 447.27793 | N12: =N11+((M11-N11)/((G11-F11)/$A$16)) -> 207.97216 | O12: =IF(ABS(U12)>80,$B$7, LOOKUP(V12,'Force mapping'!$B$7:$B$167,'Force mapping'!$E$7:$E$167)) -> 536 | P12: =IF((K12*1) = 1, ((O12/1000000)/$A$7)*1000, $C$7) -> 0.62325581 | Q12: =(N12/($A$4/$A$7))*100 -> 45.860528 | R12: =IF(ABS(U12)>80, 0, LOOKUP(V12,'Force mapping'!$B$7:$B$167,'Force mapping'!$D$7:$D$167) * (N12/5) * SIGN(U12)) -> 0 | S12: =(R12/($A$10/1000)) -> 0 | T12: =T11+(S11/1000)*$A$16 -> 27.98 | U12: =U11-((T11*$A$16) + (0.5 * (T12-T11))) -> 69.808 | V12: =(ROUND(ABS(U12)*2,0))/2 -> 70
A13: 0 | B13: 2.2 | E13: =E12+1 -> 9 | F13: =E13*$A$16 -> 0.45 | G13: =F13+P13 -> 1.0732558 | H13: =I13/($B$4/1000000) -> 379.45646 | I13: =IF((K12*1)=1,I12-((N12/1000)*$A$16),I12) -> 1.7417052 | J13: =(((I13*H13)/2)/$D$4)*100 -> 94.666145 | K13: =AND(F13>($A$13-$A$16),F13<($B$13+$A$16)) -> TRUE | L13: =(H12/$A$7)*K13 -> 443.86274 | M13: =M12+(L13-M12)*0.63 -> 445.12636 | N13: =N12+((M12-N12)/((G12-F12)/$A$16)) -> 227.1702 | O13: =IF(ABS(U13)>80,$B$7, LOOKUP(V13,'Force mapping'!$B$7:$B$167,'Force mapping'!$E$7:$E$167)) -> 536 | P13: =IF((K13*1) = 1, ((O13/1000000)/$A$7)*1000, $C$7) -> 0.62325581 | Q13: =(N13/($A$4/$A$7))*100 -> 50.093942 | R13: =IF(ABS(U13)>80, 0, LOOKUP(V13,'Force mapping'!$B$7:$B$167,'Force mapping'!$D$7:$D$167) * (N13/5) * SIGN(U13)) -> 0 | S13: =(R13/($A$10/1000)) -> 0 | T13: =T12+(S12/1000)*$A$16 -> 27.98 | U13: =U12-((T12*$A$16) + (0.5 * (T13-T12))) -> 68.409 | V13: =(ROUND(ABS(U13)*2,0))/2 -> 68.5
A14: SIMULATION PROPERTIES | E14: =E13+1 -> 10 | F14: =E14*$A$16 -> 0.5 | G14: =F14+P14 -> 1.1232558 | H14: =I14/($B$4/1000000) -> 376.98184 | I14: =IF((K13*1)=1,I13-((N13/1000)*$A$16),I13) -> 1.7303466 | J14: =(((I14*H14)/2)/$D$4)*100 -> 93.435443 | K14: =AND(F14>($A$13-$A$16),F14<($B$13+$A$16)) -> TRUE | L14: =(H13/$A$7)*K14 -> 441.22844 | M14: =M13+(L14-M13)*0.63 -> 442.67067 | N14: =N13+((M13-N13)/((G13-F13)/$A$16)) -> 244.65549 | O14: =IF(ABS(U14)>80,$B$7, LOOKUP(V14,'Force mapping'!$B$7:$B$167,'Force mapping'!$E$7:$E$167)) -> 536 | P14: =IF((K14*1) = 1, ((O14/1000000)/$A$7)*1000, $C$7) -> 0.62325581 | Q14: =(N14/($A$4/$A$7))*100 -> 53.949672 | R14: =IF(ABS(U14)>80, 0, LOOKUP(V14,'Force mapping'!$B$7:$B$167,'Force mapping'!$D$7:$D$167) * (N14/5) * SIGN(U14)) -> 0 | S14: =(R14/($A$10/1000)) -> 0 | T14: =T13+(S13/1000)*$A$16 -> 27.98 | U14: =U13-((T13*$A$16) + (0.5 * (T14-T13))) -> 67.01 | V14: =(ROUND(ABS(U14)*2,0))/2 -> 67
A15: Time Increment: | E15: =E14+1 -> 11 | F15: =E15*$A$16 -> 0.55 | G15: =F15+P15 -> 1.1732558 | H15: =I15/($B$4/1000000) -> 374.31675 | I15: =IF((K14*1)=1,I14-((N14/1000)*$A$16),I14) -> 1.7181139 | J15: =(((I15*H15)/2)/$D$4)*100 -> 92.119019 | K15: =AND(F15>($A$13-$A$16),F15<($B$13+$A$16)) -> TRUE | L15: =(H14/$A$7)*K15 -> 438.35098 | M15: =M14+(L15-M14)*0.63 -> 439.94926 | N15: =N14+((M14-N14)/((G14-F14)/$A$16)) -> 260.54104 | O15: =IF(ABS(U15)>80,$B$7, LOOKUP(V15,'Force mapping'!$B$7:$B$167,'Force mapping'!$E$7:$E$167)) -> 536 | P15: =IF((K15*1) = 1, ((O15/1000000)/$A$7)*1000, $C$7) -> 0.62325581 | Q15: =(N15/($A$4/$A$7))*100 -> 57.452639 | R15: =IF(ABS(U15)>80, 0, LOOKUP(V15,'Force mapping'!$B$7:$B$167,'Force mapping'!$D$7:$D$167) * (N15/5) * SIGN(U15)) -> 0 | S15: =(R15/($A$10/1000)) -> 0 | T15: =T14+(S14/1000)*$A$16 -> 27.98 | U15: =U14-((T14*$A$16) + (0.5 * (T15-T14))) -> 65.611 | V15: =(ROUND(ABS(U15)*2,0))/2 -> 65.5
A16: 0.05 | E16: =E15+1 -> 12 | F16: =E16*$A$16 -> 0.6 | G16: =F16+P16 -> 1.2232558 | H16: =I16/($B$4/1000000) -> 371.47861 | I16: =IF((K15*1)=1,I15-((N15/1000)*$A$16),I15) -> 1.7050868 | J16: =(((I16*H16)/2)/$D$4)*100 -> 90.727389 | K16: =AND(F16>($A$13-$A$16),F16<($B$13+$A$16)) -> TRUE | L16: =(H15/$A$7)*K16 -> 435.25203 | M16: =M15+(L16-M15)*0.63 -> 436.99001 | N16: =N15+((M15-N15)/((G15-F15)/$A$16)) -> 274.93386 | O16: =IF(ABS(U16)>80,$B$7, LOOKUP(V16,'Force mapping'!$B$7:$B$167,'Force mapping'!$E$7:$E$167)) -> 536 | P16: =IF((K16*1) = 1, ((O16/1000000)/$A$7)*1000, $C$7) -> 0.62325581 | Q16: =(N16/($A$4/$A$7))*100 -> 60.626441 | R16: =IF(ABS(U16)>80, 0, LOOKUP(V16,'Force mapping'!$B$7:$B$167,'Force mapping'!$D$7:$D$167) * (N16/5) * SIGN(U16)) -> 0 | S16: =(R16/($A$10/1000)) -> 0 | T16: =T15+(S15/1000)*$A$16 -> 27.98 | U16: =U15-((T15*$A$16) + (0.5 * (T16-T15))) -> 64.212 | V16: =(ROUND(ABS(U16)*2,0))/2 -> 64
E17: =E16+1 -> 13 | F17: =E17*$A$16 -> 0.65 | G17: =F17+P17 -> 1.2732558 | H17: =I17/($B$4/1000000) -> 368.48369 | I17: =IF((K16*1)=1,I16-((N16/1000)*$A$16),I16) -> 1.6913401 | J17: =(((I17*H17)/2)/$D$4)*100 -> 89.270367 | K17: =AND(F17>($A$13-$A$16),F17<($B$13+$A$16)) -> TRUE | L17: =(H16/$A$7)*K17 -> 431.95187 | M17: =M16+(L17-M16)*0.63 -> 433.81598 | N17: =N16+((M16-N16)/((G16-F16)/$A$16)) -> 287.93463 | O17: =IF(ABS(U17)>80,$B$7, LOOKUP(V17,'Force mapping'!$B$7:$B$167,'Force mapping'!$E$7:$E$167)) -> 536 | P17: =IF((K17*1) = 1, ((O17/1000000)/$A$7)*1000, $C$7) -> 0.62325581 | Q17: =(N17/($A$4/$A$7))*100 -> 63.493278 | R17: =IF(ABS(U17)>80, 0, LOOKUP(V17,'Force mapping'!$B$7:$B$167,'Force mapping'!$D$7:$D$167) * (N17/5) * SIGN(U17)) -> 0 | S17: =(R17/($A$10/1000)) -> 0 | T17: =T16+(S16/1000)*$A$16 -> 27.98 | U17: =U16-((T16*$A$16) + (0.5 * (T17-T16))) -> 62.813 | V17: =(ROUND(ABS(U17)*2,0))/2 -> 63
E18: =E17+1 -> 14 | F18: =E18*$A$16 -> 0.7 | G18: =F18+P18 -> 1.3232558 | H18: =I18/($B$4/1000000) -> 365.34715 | I18: =IF((K17*1)=1,I17-((N17/1000)*$A$16),I17) -> 1.6769434 | J18: =(((I18*H18)/2)/$D$4)*100 -> 87.757092 | K18: =AND(F18>($A$13-$A$16),F18<($B$13+$A$16)) -> TRUE | L18: =(H17/$A$7)*K18 -> 428.46941 | M18: =M17+(L18-M17)*0.63 -> 430.44764 | N18: =N17+((M17-N17)/((G17-F17)/$A$16)) -> 299.6378 | O18: =IF(ABS(U18)>80,$B$7, LOOKUP(V18,'Force mapping'!$B$7:$B$167,'Force mapping'!$E$7:$E$167)) -> 536 | P18: =IF((K18*1) = 1, ((O18/1000000)/$A$7)*1000, $C$7) -> 0.62325581 | Q18: =(N18/($A$4/$A$7))*100 -> 66.073977 | R18: =IF(ABS(U18)>80, 0, LOOKUP(V18,'Force mapping'!$B$7:$B$167,'Force mapping'!$D$7:$D$167) * (N18/5) * SIGN(U18)) -> 0 | S18: =(R18/($A$10/1000)) -> 0 | T18: =T17+(S17/1000)*$A$16 -> 27.98 | U18: =U17-((T17*$A$16) + (0.5 * (T18-T17))) -> 61.414 | V18: =(ROUND(ABS(U18)*2,0))/2 -> 61.5
E19: =E18+1 -> 15 | F19: =E19*$A$16 -> 0.75 | G19: =F19+P19 -> 1.3732558 | H19: =I19/($B$4/1000000) -> 362.08312 | I19: =IF((K18*1)=1,I18-((N18/1000)*$A$16),I18) -> 1.6619615 | J19: =(((I19*H19)/2)/$D$4)*100 -> 86.196045 | K19: =AND(F19>($A$13-$A$16),F19<($B$13+$A$16)) -> TRUE | L19: =(H18/$A$7)*K19 -> 424.82226 | M19: =M18+(L19-M18)*0.63 -> 426.90365 | N19: =N18+((M18-N18)/((G18-F18)/$A$16)) -> 310.13187 | O19: =IF(ABS(U19)>80,$B$7, LOOKUP(V19,'Force mapping'!$B$7:$B$167,'Force mapping'!$E$7:$E$167)) -> 536 | P19: =IF((K19*1) = 1, ((O19/1000000)/$A$7)*1000, $C$7) -> 0.62325581 | Q19: =(N19/($A$4/$A$7))*100 -> 68.388054 | R19: =IF(ABS(U19)>80, 0, LOOKUP(V19,'Force mapping'!$B$7:$B$167,'Force mapping'!$D$7:$D$167) * (N19/5) * SIGN(U19)) -> 0 | S19: =(R19/($A$10/1000)) -> 0 | T19: =T18+(S18/1000)*$A$16 -> 27.98 | U19: =U18-((T18*$A$16) + (0.5 * (T19-T18))) -> 60.015 | V19: =(ROUND(ABS(U19)*2,0))/2 -> 60
E20: =E19+1 -> 16 | F20: =E20*$A$16 -> 0.8 | G20: =F20+P20 -> 1.4232558 | H20: =I20/($B$4/1000000) -> 358.70477 | I20: =IF((K19*1)=1,I19-((N19/1000)*$A$16),I19) -> 1.6464549 | J20: =(((I20*H20)/2)/$D$4)*100 -> 84.595079 | K20: =AND(F20>($A$13-$A$16),F20<($B$13+$A$16)) -> TRUE | L20: =(H19/$A$7)*K20 -> 421.02688 | M20: =M19+(L20-M19)*0.63 -> 423.20129 | N20: =N19+((M19-N19)/((G19-F19)/$A$16)) -> 319.49976 | O20: =IF(ABS(U20)>80,$B$7, LOOKUP(V20,'Force mapping'!$B$7:$B$167,'Force mapping'!$E$7:$E$167)) -> 536 | P20: =IF((K20*1) = 1, ((O20/1000000)/$A$7)*1000, $C$7) -> 0.62325581 | Q20: =(N20/($A$4/$A$7))*100 -> 70.453793 | R20: =IF(ABS(U20)>80, 0, LOOKUP(V20,'Force mapping'!$B$7:$B$167,'Force mapping'!$D$7:$D$167) * (N20/5) * SIGN(U20)) -> 0 | S20: =(R20/($A$10/1000)) -> 0 | T20: =T19+(S19/1000)*$A$16 -> 27.98 | U20: =U19-((T19*$A$16) + (0.5 * (T20-T19))) -> 58.616 | V20: =(ROUND(ABS(U20)*2,0))/2 -> 58.5
E21: =E20+1 -> 17 | F21: =E21*$A$16 -> 0.85 | G21: =F21+P21 -> 1.4732558 | H21: =I21/($B$4/1000000) -> 355.22438 | I21: =IF((K20*1)=1,I20-((N20/1000)*$A$16),I20) -> 1.6304799 | J21: =(((I21*H21)/2)/$D$4)*100 -> 82.961449 | K21: =AND(F21>($A$13-$A$16),F21<($B$13+$A$16)) -> TRUE | L21: =(H20/$A$7)*K21 -> 417.09857 | M21: =M20+(L21-M20)*0.63 -> 419.35658 | N21: =N20+((M20-N20)/((G20-F20)/$A$16)) -> 327.8191 | O21: =IF(ABS(U21)>80,$B$7, LOOKUP(V21,'Force mapping'!$B$7:$B$167,'Force mapping'!$E$7:$E$167)) -> 536 | P21: =IF((K21*1) = 1, ((O21/1000000)/$A$7)*1000, $C$7) -> 0.62325581 | Q21: =(N21/($A$4/$A$7))*100 -> 72.288314 | R21: =IF(ABS(U21)>80, 0, LOOKUP(V21,'Force mapping'!$B$7:$B$167,'Force mapping'!$D$7:$D$167) * (N21/5) * SIGN(U21)) -> 0.19275763 | S21: =(R21/($A$10/1000)) -> 11.206839 | T21: =T20+(S20/1000)*$A$16 -> 27.98 | U21: =U20-((T20*$A$16) + (0.5 * (T21-T20))) -> 57.217 | V21: =(ROUND(ABS(U21)*2,0))/2 -> 57
E22: =E21+1 -> 18 | F22: =E22*$A$16 -> 0.9 | G22: =F22+P22 -> 1.5244186 | H22: =I22/($B$4/1000000) -> 351.65337 | I22: =IF((K21*1)=1,I21-((N21/1000)*$A$16),I21) -> 1.614089 | J22: =(((I22*H22)/2)/$D$4)*100 -> 81.301836 | K22: =AND(F22>($A$13-$A$16),F22<($B$13+$A$16)) -> TRUE | L22: =(H21/$A$7)*K22 -> 413.05161 | M22: =M21+(L22-M21)*0.63 -> 415.38445 | N22: =N21+((M21-N21)/((G21-F21)/$A$16)) -> 335.16259 | O22: =IF(ABS(U22)>80,$B$7, LOOKUP(V22,'Force mapping'!$B$7:$B$167,'Force mapping'!$E$7:$E$167)) -> 537 | P22: =IF((K22*1) = 1, ((O22/1000000)/$A$7)*1000, $C$7) -> 0.6244186 | Q22: =(N22/($A$4/$A$7))*100 -> 73.907648 | R22: =IF(ABS(U22)>80, 0, LOOKUP(V22,'Force mapping'!$B$7:$B$167,'Force mapping'!$D$7:$D$167) * (N22/5) * SIGN(U22)) -> 0.1970756 | S22: =(R22/($A$10/1000)) -> 11.457884 | T22: =T21+(S21/1000)*$A$16 -> 27.98056 | U22: =U21-((T21*$A$16) + (0.5 * (T22-T21))) -> 55.81772 | V22: =(ROUND(ABS(U22)*2,0))/2 -> 56
E23: =E22+1 -> 19 | F23: =E23*$A$16 -> 0.95 | G23: =F23+P23 -> 1.575 | H23: =I23/($B$4/1000000) -> 348.00236 | I23: =IF((K22*1)=1,I22-((N22/1000)*$A$16),I22) -> 1.5973308 | J23: =(((I23*H23)/2)/$D$4)*100 -> 79.622383 | K23: =AND(F23>($A$13-$A$16),F23<($B$13+$A$16)) -> TRUE | L23: =(H22/$A$7)*K23 -> 408.89927 | M23: =M22+(L23-M22)*0.63 -> 411.29878 | N23: =N22+((M22-N22)/((G22-F22)/$A$16)) -> 341.58631 | O23: =IF(ABS(U23)>80,$B$7, LOOKUP(V23,'Force mapping'!$B$7:$B$167,'Force mapping'!$E$7:$E$167)) -> 537.5 | P23: =IF((K23*1) = 1, ((O23/1000000)/$A$7)*1000, $C$7) -> 0.625 | Q23: =(N23/($A$4/$A$7))*100 -> 75.324162 | R23: =IF(ABS(U23)>80, 0, LOOKUP(V23,'Force mapping'!$B$7:$B$167,'Force mapping'!$D$7:$D$167) * (N23/5) * SIGN(U23)) -> 0.23432821 | S23: =(R23/($A$10/1000)) -> 13.623733 | T23: =T22+(S22/1000)*$A$16 -> 27.981133 | U23: =U22-((T22*$A$16) + (0.5 * (T23-T22))) -> 54.418405 | V23: =(ROUND(ABS(U23)*2,0))/2 -> 54.5
E24: =E23+1 -> 20 | F24: =E24*$A$16 -> 1 | G24: =F24+P24 -> 1.6255814 | H24: =I24/($B$4/1000000) -> 344.28138 | I24: =IF((K23*1)=1,I23-((N23/1000)*$A$16),I23) -> 1.5802515 | J24: =(((I24*H24)/2)/$D$4)*100 -> 77.928775 | K24: =AND(F24>($A$13-$A$16),F24<($B$13+$A$16)) -> TRUE | L24: =(H23/$A$7)*K24 -> 404.65391 | M24: =M23+(L24-M23)*0.63 -> 407.11251 | N24: =N23+((M23-N23)/((G23-F23)/$A$16)) -> 347.16331 | O24: =IF(ABS(U24)>80,$B$7, LOOKUP(V24,'Force mapping'!$B$7:$B$167,'Force mapping'!$E$7:$E$167)) -> 538 | P24: =IF((K24*1) = 1, ((O24/1000000)/$A$7)*1000, $C$7) -> 0.6255814 | Q24: =(N24/($A$4/$A$7))*100 -> 76.553961 | R24: =IF(ABS(U24)>80, 0, LOOKUP(V24,'Force mapping'!$B$7:$B$167,'Force mapping'!$D$7:$D$167) * (N24/5) * SIGN(U24)) -> 0.34022005 | S24: =(R24/($A$10/1000)) -> 19.780235 | T24: =T23+(S23/1000)*$A$16 -> 27.981814 | U24: =U23-((T23*$A$16) + (0.5 * (T24-T23))) -> 53.019008 | V24: =(ROUND(ABS(U24)*2,0))/2 -> 53
E25: =E24+1 -> 21 | F25: =E25*$A$16 -> 1.05 | G25: =F25+P25 -> 1.6767442 | H25: =I25/($B$4/1000000) -> 340.49964 | I25: =IF((K24*1)=1,I24-((N24/1000)*$A$16),I24) -> 1.5628934 | J25: =(((I25*H25)/2)/$D$4)*100 -> 76.226171 | K25: =AND(F25>($A$13-$A$16),F25<($B$13+$A$16)) -> TRUE | L25: =(H24/$A$7)*K25 -> 400.32718 | M25: =M24+(L25-M24)*0.63 -> 402.83776 | N25: =N24+((M24-N24)/((G24-F24)/$A$16)) -> 351.95479 | O25: =IF(ABS(U25)>80,$B$7, LOOKUP(V25,'Force mapping'!$B$7:$B$167,'Force mapping'!$E$7:$E$167)) -> 539 | P25: =IF((K25*1) = 1, ((O25/1000000)/$A$7)*1000, $C$7) -> 0.62674419 | Q25: =(N25/($A$4/$A$7))*100 -> 77.610544 | R25: =IF(ABS(U25)>80, 0, LOOKUP(V25,'Force mapping'!$B$7:$B$167,'Force mapping'!$D$7:$D$167) * (N25/5) * SIGN(U25)) -> 0.41389883 | S25: =(R25/($A$10/1000)) -> 24.063886 | T25: =T24+(S24/1000)*$A$16 -> 27.982803 | U25: =U24-((T24*$A$16) + (0.5 * (T25-T24))) -> 51.619423 | V25: =(ROUND(ABS(U25)*2,0))/2 -> 51.5
E26: =E25+1 -> 22 | F26: =E26*$A$16 -> 1.1 | G26: =F26+P26 -> 1.727907 | H26: =I26/($B$4/1000000) -> 336.66571 | I26: =IF((K25*1)=1,I25-((N25/1000)*$A$16),I25) -> 1.5452956 | J26: =(((I26*H26)/2)/$D$4)*100 -> 74.519265 | K26: =AND(F26>($A$13-$A$16),F26<($B$13+$A$16)) -> TRUE | L26: =(H25/$A$7)*K26 -> 395.92982 | M26: =M25+(L26-M25)*0.63 -> 398.48575 | N26: =N25+((M25-N25)/((G25-F25)/$A$16)) -> 356.0141 | O26: =IF(ABS(U26)>80,$B$7, LOOKUP(V26,'Force mapping'!$B$7:$B$167,'Force mapping'!$E$7:$E$167)) -> 540 | P26: =IF((K26*1) = 1, ((O26/1000000)/$A$7)*1000, $C$7) -> 0.62790698 | Q26: =(N26/($A$4/$A$7))*100 -> 78.505673 | R26: =IF(ABS(U26)>80, 0, LOOKUP(V26,'Force mapping'!$B$7:$B$167,'Force mapping'!$D$7:$D$167) * (N26/5) * SIGN(U26)) -> 0.55823011 | S26: =(R26/($A$10/1000)) -> 32.455239 | T26: =T25+(S25/1000)*$A$16 -> 27.984007 | U26: =U25-((T25*$A$16) + (0.5 * (T26-T25))) -> 50.219681 | V26: =(ROUND(ABS(U26)*2,0))/2 -> 50
E27: =E26+1 -> 23 | F27: =E27*$A$16 -> 1.15 | G27: =F27+P27 -> 1.777907 | H27: =I27/($B$4/1000000) -> 332.78756 | I27: =IF((K26*1)=1,I26-((N26/1000)*$A$16),I26) -> 1.5274949 | J27: =(((I27*H27)/2)/$D$4)*100 -> 72.812336 | K27: =AND(F27>($A$13-$A$16),F27<($B$13+$A$16)) -> TRUE | L27: =(H26/$A$7)*K27 -> 391.47176 | M27: =M26+(L27-M26)*0.63 -> 394.06694 | N27: =N26+((M26-N26)/((G26-F26)/$A$16)) -> 359.3961 | O27: =IF(ABS(U27)>80,$B$7, LOOKUP(V27,'Force mapping'!$B$7:$B$167,'Force mapping'!$E$7:$E$167)) -> 540 | P27: =IF((K27*1) = 1, ((O27/1000000)/$A$7)*1000, $C$7) -> 0.62790698 | Q27: =(N27/($A$4/$A$7))*100 -> 79.251448 | R27: =IF(ABS(U27)>80, 0, LOOKUP(V27,'Force mapping'!$B$7:$B$167,'Force mapping'!$D$7:$D$167) * (N27/5) * SIGN(U27)) -> 0.70441636 | S27: =(R27/($A$10/1000)) -> 40.95444 | T27: =T26+(S26/1000)*$A$16 -> 27.985629 | U27: =U26-((T26*$A$16) + (0.5 * (T27-T26))) -> 48.819669 | V27: =(ROUND(ABS(U27)*2,0))/2 -> 49
E28: =E27+1 -> 24 | F28: =E28*$A$16 -> 1.2 | G28: =F28+P28 -> 1.8284884 | H28: =I28/($B$4/1000000) -> 328.87257 | I28: =IF((K27*1)=1,I27-((N27/1000)*$A$16),I27) -> 1.5095251 | J28: =(((I28*H28)/2)/$D$4)*100 -> 71.10925 | K28: =AND(F28>($A$13-$A$16),F28<($B$13+$A$16)) -> TRUE | L28: =(H27/$A$7)*K28 -> 386.96228 | M28: =M27+(L28-M27)*0.63 -> 389.59101 | N28: =N27+((M27-N27)/((G27-F27)/$A$16)) -> 362.15693 | O28: =IF(ABS(U28)>80,$B$7, LOOKUP(V28,'Force mapping'!$B$7:$B$167,'Force mapping'!$E$7:$E$167)) -> 540.5 | P28: =IF((K28*1) = 1, ((O28/1000000)/$A$7)*1000, $C$7) -> 0.62848837 | Q28: =(N28/($A$4/$A$7))*100 -> 79.860246 | R28: =IF(ABS(U28)>80, 0, LOOKUP(V28,'Force mapping'!$B$7:$B$167,'Force mapping'!$D$7:$D$167) * (N28/5) * SIGN(U28)) -> 1.02925 | S28: =(R28/($A$10/1000)) -> 59.840116 | T28: =T27+(S27/1000)*$A$16 -> 27.987677 | U28: =U27-((T27*$A$16) + (0.5 * (T28-T27))) -> 47.419364 | V28: =(ROUND(ABS(U28)*2,0))/2 -> 47.5
... E254: =E253+1 -> 250 | F254: =E254*$A$16 -> 12.5 | G254: =F254+P254 -> 13.123 | H254: =I254/($B$4/1000000) -> 246.14657 | I254: =IF((K253*1)=1,I253-((N253/1000)*$A$16),I253) -> 1.1298128 | J254: =(((I254*H254)/2)/$D$4)*100 -> 39.834408 | K254: =AND(F254>($A$13-$A$16),F254<($B$13+$A$16)) -> FALSE | L254: =(H253/$A$7)*K254 -> 0 | M254: =M253+(L254-M253)*0.63 -> 3.3371911e-87 | N254: =N253+((M253-N253)/((G253-F253)/$A$16)) -> 1.298843e-05 | O254: =IF(ABS(U254)>80,$B$7, LOOKUP(V254,'Force mapping'!$B$7:$B$167,'Force mapping'!$E$7:$E$167)) -> 536 | P254: =IF((K254*1) = 1, ((O254/1000000)/$A$7)*1000, $C$7) -> 0.623 | Q254: =(N254/($A$4/$A$7))*100 -> 2.8641154e-06 | R254: =IF(ABS(U254)>80, 0, LOOKUP(V254,'Force mapping'!$B$7:$B$167,'Force mapping'!$D$7:$D$167) * (N254/5) * SIGN(U254)) -> 0 | S254: =(R254/($A$10/1000)) -> 0 | T254: =T253+(S253/1000)*$A$16 -> 32.399884 | U254: =U253-((T253*$A$16) + (0.5 * (T254-T253))) -> -318.13531 | V254: =(ROUND(ABS(U254)*2,0))/2 -> 318

Sheet Force mapping
B2: Coil force mapping
B3: coil: 328T 30 x 20 | D3: 536uH 0.86 ohm
C5: 7.5 x 50mm steel rod | E5: Impulse: | F5: =SUM(D7:D167) -> 100.53036 | H5: 7.5 x 100mm steel rod | J5: Impulse: | K5: =SUM(I7:I167) -> 157.56832
B6: distance (mm) | C6: force | D6: force | E6: coil inductance | F6: multiplier | G6: time constant | H6: force | I6: force | J6: inductance | K6: multiplier | L6: time constant | X6: length | Y6: impulse
B7: 0 | C7: 0 | D7: =C7*0.0098 -> 0 | E7: 2270 | F7: =E7/536 -> 4.2350746 | G7: =((E7/1000000)/0.86)*1000 -> 2.6395349 | H7: 0 | I7: =H7*0.0098 -> 0 | J7: 2500 | K7: =J7/536 -> 4.6641791 | L7: =((J7/1000000)/0.86)*1000 -> 2.9069767 | X7: 0
B8: =(B7+B9)/2 -> 0.5 | C8: =(C7+C9)/2 -> 8.25 | D8: =(D7+D9)/2 -> 0.08085 | E8: =(E7+E9)/2 -> 2265 | F8: =(F7+F9)/2 -> 4.2257463 | G8: =(G7+G9)/2 -> 2.6337209 | H8: =(H7+H9)/2 -> 1.4 | I8: =(I7+I9)/2 -> 0.01372 | ... L8: =(L7+L9)/2 -> 2.9069767
B9: 1 | C9: 16.5 | D9: =C9*0.0098 -> 0.1617 | E9: 2260 | F9: =E9/536 -> 4.2164179 | G9: =((E9/1000000)/0.86)*1000 -> 2.627907 | H9: 2.8 | I9: =H9*0.0098 -> 0.02744 | J9: 2500 | K9: =J9/536 -> 4.6641791 | L9: =((J9/1000000)/0.86)*1000 -> 2.9069767 | X9: 25
B10: =(B9+B11)/2 -> 1.5 | C10: =(C9+C11)/2 -> 24.7 | D10: =(D9+D11)/2 -> 0.24206 | E10: =(E9+E11)/2 -> 2255 | F10: =(F9+F11)/2 -> 4.2070896 | G10: =(G9+G11)/2 -> 2.622093 | H10: =(H9+H11)/2 -> 4.1 | I10: =(I9+I11)/2 -> 0.04018 | ... L10: =(L9+L11)/2 -> 2.9069767
B11: =B9+1 -> 2 | C11: 32.9 | D11: =C11*0.0098 -> 0.32242 | E11: 2250 | F11: =E11/536 -> 4.1977612 | G11: =((E11/1000000)/0.86)*1000 -> 2.6162791 | H11: 5.4 | I11: =H11*0.0098 -> 0.05292 | J11: 2500 | K11: =J11/536 -> 4.6641791 | L11: =((J11/1000000)/0.86)*1000 -> 2.9069767 | X11: 50 | Y11: 50.27
B12: =(B11+B13)/2 -> 2.5 | C12: =(C11+C13)/2 -> 40.45 | D12: =(D11+D13)/2 -> 0.39641 | E12: =(E11+E13)/2 -> 2245 | F12: =(F11+F13)/2 -> 4.1884328 | G12: =(G11+G13)/2 -> 2.6104651 | H12: =(H11+H13)/2 -> 6.65 | I12: =(I11+I13)/2 -> 0.06517 | ... L12: =(L11+L13)/2 -> 2.9069767
B13: =B11+1 -> 3 | C13: 48 | D13: =C13*0.0098 -> 0.4704 | E13: 2240 | F13: =E13/536 -> 4.1791045 | G13: =((E13/1000000)/0.86)*1000 -> 2.6046512 | H13: 7.9 | I13: =H13*0.0098 -> 0.07742 | J13: 2500 | K13: =J13/536 -> 4.6641791 | L13: =((J13/1000000)/0.86)*1000 -> 2.9069767 | X13: 70
B14: =(B13+B15)/2 -> 3.5 | C14: =(C13+C15)/2 -> 56.3 | D14: =(D13+D15)/2 -> 0.55174 | E14: =(E13+E15)/2 -> 2235 | F14: =(F13+F15)/2 -> 4.1697761 | G14: =(G13+G15)/2 -> 2.5988372 | H14: =(H13+H15)/2 -> 9.15 | I14: =(I13+I15)/2 -> 0.08967 | ... L14: =(L13+L15)/2 -> 2.9127907
B15: =B13+1 -> 4 | C15: 64.6 | D15: =C15*0.0098 -> 0.63308 | E15: 2230 | F15: =E15/536 -> 4.1604478 | G15: =((E15/1000000)/0.86)*1000 -> 2.5930233 | H15: 10.4 | I15: =H15*0.0098 -> 0.10192 | J15: 2510 | K15: =J15/536 -> 4.6828358 | L15: =((J15/1000000)/0.86)*1000 -> 2.9186047 | X15: 100 | Y15: 78.78
B16: =(B15+B17)/2 -> 4.5 | C16: =(C15+C17)/2 -> 73.6 | D16: =(D15+D17)/2 -> 0.72128 | E16: =(E15+E17)/2 -> 2220 | F16: =(F15+F17)/2 -> 4.141791 | G16: =(G15+G17)/2 -> 2.5813953 | H16: =(H15+H17)/2 -> 11.8 | I16: =(I15+I17)/2 -> 0.11564 | ... L16: =(L15+L17)/2 -> 2.9186047
B17: =B15+1 -> 5 | C17: 82.6 | D17: =C17*0.0098 -> 0.80948 | E17: 2210 | F17: =E17/536 -> 4.1231343 | G17: =((E17/1000000)/0.86)*1000 -> 2.5697674 | H17: 13.2 | I17: =H17*0.0098 -> 0.12936 | J17: 2510 | K17: =J17/536 -> 4.6828358 | L17: =((J17/1000000)/0.86)*1000 -> 2.9186047 | X17: 125
B18: =(B17+B19)/2 -> 5.5 | C18: =(C17+C19)/2 -> 91.6 | D18: =(D17+D19)/2 -> 0.89768 | E18: =(E17+E19)/2 -> 2195 | F18: =(F17+F19)/2 -> 4.0951493 | G18: =(G17+G19)/2 -> 2.5523256 | H18: =(H17+H19)/2 -> 14.65 | I18: =(I17+I19)/2 -> 0.14357 | ... L18: =(L17+L19)/2 -> 2.9244186
B19: =B17+1 -> 6 | C19: 100.6 | D19: =C19*0.0098 -> 0.98588 | E19: 2180 | F19: =E19/536 -> 4.0671642 | G19: =((E19/1000000)/0.86)*1000 -> 2.5348837 | H19: 16.1 | I19: =H19*0.0098 -> 0.15778 | J19: 2520 | K19: =J19/536 -> 4.7014925 | L19: =((J19/1000000)/0.86)*1000 -> 2.9302326 | X19: 150
B20: =(B19+B21)/2 -> 6.5 | C20: =(C19+C21)/2 -> 109.15 | D20: =(D19+D21)/2 -> 1.06967 | E20: =(E19+E21)/2 -> 2170 | F20: =(F19+F21)/2 -> 4.0485075 | G20: =(G19+G21)/2 -> 2.5232558 | H20: =(H19+H21)/2 -> 17.4 | I20: =(I19+I21)/2 -> 0.17052 | ... L20: =(L19+L21)/2 -> 2.9302326
B21: =B19+1 -> 7 | C21: 117.7 | D21: =C21*0.0098 -> 1.15346 | E21: 2160 | F21: =E21/536 -> 4.0298507 | G21: =((E21/1000000)/0.86)*1000 -> 2.5116279 | H21: 18.7 | I21: =H21*0.0098 -> 0.18326 | J21: 2520 | K21: =J21/536 -> 4.7014925 | L21: =((J21/1000000)/0.86)*1000 -> 2.9302326
B22: =(B21+B23)/2 -> 7.5 | C22: =(C21+C23)/2 -> 127.3 | D22: =(D21+D23)/2 -> 1.24754 | E22: =(E21+E23)/2 -> 2140 | F22: =(F21+F23)/2 -> 3.9925373 | G22: =(G21+G23)/2 -> 2.4883721 | H22: =(H21+H23)/2 -> 20.15 | I22: =(I21+I23)/2 -> 0.19747 | ... L22: =(L21+L23)/2 -> 2.9244186
B23: =B21+1 -> 8 | C23: 136.9 | D23: =C23*0.0098 -> 1.34162 | E23: 2120 | F23: =E23/536 -> 3.9552239 | G23: =((E23/1000000)/0.86)*1000 -> 2.4651163 | H23: 21.6 | I23: =H23*0.0098 -> 0.21168 | J23: 2510 | K23: =J23/536 -> 4.6828358 | L23: =((J23/1000000)/0.86)*1000 -> 2.9186047
B24: =(B23+B25)/2 -> 8.5 | C24: =(C23+C25)/2 -> 146.75 | D24: =(D23+D25)/2 -> 1.43815 | E24: =(E23+E25)/2 -> 2100 | F24: =(F23+F25)/2 -> 3.9179104 | G24: =(G23+G25)/2 -> 2.4418605 | H24: =(H23+H25)/2 -> 23.15 | I24: =(I23+I25)/2 -> 0.22687 | ... L24: =(L23+L25)/2 -> 2.9186047
B25: =B23+1 -> 9 | C25: 156.6 | D25: =C25*0.0098 -> 1.53468 | E25: 2080 | F25: =E25/536 -> 3.880597 | G25: =((E25/1000000)/0.86)*1000 -> 2.4186047 | H25: 24.7 | I25: =H25*0.0098 -> 0.24206 | J25: 2510 | K25: =J25/536 -> 4.6828358 | L25: =((J25/1000000)/0.86)*1000 -> 2.9186047
B26: =(B25+B27)/2 -> 9.5 | C26: =(C25+C27)/2 -> 165.55 | D26: =(D25+D27)/2 -> 1.62239 | E26: =(E25+E27)/2 -> 2060 | F26: =(F25+F27)/2 -> 3.8432836 | G26: =(G25+G27)/2 -> 2.3953488 | H26: =(H25+H27)/2 -> 26.5 | I26: =(I25+I27)/2 -> 0.2597 | ... L26: =(L25+L27)/2 -> 2.9186047
B27: =B25+1 -> 10 | C27: 174.5 | D27: =C27*0.0098 -> 1.7101 | E27: 2040 | F27: =E27/536 -> 3.8059701 | G27: =((E27/1000000)/0.86)*1000 -> 2.372093 | H27: 28.3 | I27: =H27*0.0098 -> 0.27734 | J27: 2510 | K27: =J27/536 -> 4.6828358 | L27: =((J27/1000000)/0.86)*1000 -> 2.9186047
B28: =(B27+B29)/2 -> 10.5 | C28: =(C27+C29)/2 -> 181.9 | D28: =(D27+D29)/2 -> 1.78262 | E28: =(E27+E29)/2 -> 2015 | F28: =(F27+F29)/2 -> 3.7593284 | G28: =(G27+G29)/2 -> 2.3430233 | H28: =(H27+H29)/2 -> 29.65 | I28: =(I27+I29)/2 -> 0.29057 | ... L28: =(L27+L29)/2 -> 2.9186047
B29: =B27+1 -> 11 | C29: 189.3 | D29: =C29*0.0098 -> 1.85514 | E29: 1990 | F29: =E29/536 -> 3.7126866 | G29: =((E29/1000000)/0.86)*1000 -> 2.3139535 | H29: 31 | I29: =H29*0.0098 -> 0.3038 | J29: 2510 | K29: =J29/536 -> 4.6828358 | L29: =((J29/1000000)/0.86)*1000 -> 2.9186047
B30: =(B29+B31)/2 -> 11.5 | C30: =(C29+C31)/2 -> 195.7 | D30: =(D29+D31)/2 -> 1.91786 | E30: =(E29+E31)/2 -> 1978.5 | F30: =(F29+F31)/2 -> 3.6912313 | G30: =(G29+G31)/2 -> 2.3005814 | H30: =(H29+H31)/2 -> 32.9 | I30: =(I29+I31)/2 -> 0.32242 | ... L30: =(L29+L31)/2 -> 2.9127907
B31: =B29+1 -> 12 | C31: 202.1 | D31: =C31*0.0098 -> 1.98058 | E31: 1967 | F31: =E31/536 -> 3.6697761 | G31: =((E31/1000000)/0.86)*1000 -> 2.2872093 | H31: 34.8 | I31: =H31*0.0098 -> 0.34104 | J31: 2500 | K31: =J31/536 -> 4.6641791 | L31: =((J31/1000000)/0.86)*1000 -> 2.9069767
B32: =(B31+B33)/2 -> 12.5 | C32: =(C31+C33)/2 -> 206.85 | D32: =(D31+D33)/2 -> 2.02713 | E32: =(E31+E33)/2 -> 1935 | F32: =(F31+F33)/2 -> 3.6100746 | G32: =(G31+G33)/2 -> 2.25 | H32: =(H31+H33)/2 -> 36.6 | I32: =(I31+I33)/2 -> 0.35868 | ... L32: =(L31+L33)/2 -> 2.9069767
B33: =B31+1 -> 13 | C33: 211.6 | D33: =C33*0.0098 -> 2.07368 | E33: 1903 | F33: =E33/536 -> 3.5503731 | G33: =((E33/1000000)/0.86)*1000 -> 2.2127907 | H33: 38.4 | I33: =H33*0.0098 -> 0.37632 | J33: 2500 | K33: =J33/536 -> 4.6641791 | L33: =((J33/1000000)/0.86)*1000 -> 2.9069767
B34: =(B33+B35)/2 -> 13.5 | C34: =(C33+C35)/2 -> 214.9 | D34: =(D33+D35)/2 -> 2.10602 | E34: =(E33+E35)/2 -> 1870.5 | F34: =(F33+F35)/2 -> 3.4897388 | G34: =(G33+G35)/2 -> 2.175 | H34: =(H33+H35)/2 -> 40.25 | I34: =(I33+I35)/2 -> 0.39445 | ... L34: =(L33+L35)/2 -> 2.9069767
B35: =B33+1 -> 14 | C35: 218.2 | D35: =C35*0.0098 -> 2.13836 | E35: 1838 | F35: =E35/536 -> 3.4291045 | G35: =((E35/1000000)/0.86)*1000 -> 2.1372093 | H35: 42.1 | I35: =H35*0.0098 -> 0.41258 | J35: 2500 | K35: =J35/536 -> 4.6641791 | L35: =((J35/1000000)/0.86)*1000 -> 2.9069767
B36: =(B35+B37)/2 -> 14.5 | C36: =(C35+C37)/2 -> 219.1 | D36: =(D35+D37)/2 -> 2.14718 | E36: =(E35+E37)/2 -> 1805.5 | F36: =(F35+F37)/2 -> 3.3684701 | G36: =(G35+G37)/2 -> 2.0994186 | H36: =(H35+H37)/2 -> 43.95 | I36: =(I35+I37)/2 -> 0.43071 | ... L36: =(L35+L37)/2 -> 2.9069767
B37: =B35+1 -> 15 | C37: 220 | D37: =C37*0.0098 -> 2.156 | E37: 1773 | F37: =E37/536 -> 3.3078358 | G37: =((E37/1000000)/0.86)*1000 -> 2.0616279 | H37: 45.8 | I37: =H37*0.0098 -> 0.44884 | J37: 2500 | K37: =J37/536 -> 4.6641791 | L37: =((J37/1000000)/0.86)*1000 -> 2.9069767
B38: =(B37+B39)/2 -> 15.5 | C38: =(C37+C39)/2 -> 221.65 | D38: =(D37+D39)/2 -> 2.17217 | E38: =(E37+E39)/2 -> 1737 | F38: =(F37+F39)/2 -> 3.2406716 | G38: =(G37+G39)/2 -> 2.0197674 | H38: =(H37+H39)/2 -> 47.9 | I38: =(I37+I39)/2 -> 0.46942 | ... L38: =(L37+L39)/2 -> 2.9069767
B39: =B37+1 -> 16 | C39: 223.3 | D39: =C39*0.0098 -> 2.18834 | E39: 1701 | F39: =E39/536 -> 3.1735075 | G39: =((E39/1000000)/0.86)*1000 -> 1.977907 | H39: 50 | I39: =H39*0.0098 -> 0.49 | J39: 2500 | K39: =J39/536 -> 4.6641791 | L39: =((J39/1000000)/0.86)*1000 -> 2.9069767
B40: =(B39+B41)/2 -> 16.5 | C40: =(C39+C41)/2 -> 222.8 | D40: =(D39+D41)/2 -> 2.18344 | E40: =(E39+E41)/2 -> 1663.5 | F40: =(F39+F41)/2 -> 3.1035448 | G40: =(G39+G41)/2 -> 1.9343023 | H40: =(H39+H41)/2 -> 52.4 | I40: =(I39+I41)/2 -> 0.51352 | ... L40: =(L39+L41)/2 -> 2.9011628
B41: =B39+1 -> 17 | C41: 222.3 | D41: =C41*0.0098 -> 2.17854 | E41: 1626 | F41: =E41/536 -> 3.0335821 | G41: =((E41/1000000)/0.86)*1000 -> 1.8906977 | H41: 54.8 | I41: =H41*0.0098 -> 0.53704 | J41: 2490 | K41: =J41/536 -> 4.6455224 | L41: =((J41/1000000)/0.86)*1000 -> 2.8953488
B42: =(B41+B43)/2 -> 17.5 | C42: =(C41+C43)/2 -> 220.65 | D42: =(D41+D43)/2 -> 2.16237 | E42: =(E41+E43)/2 -> 1590 | F42: =(F41+F43)/2 -> 2.9664179 | G42: =(G41+G43)/2 -> 1.8488372 | H42: =(H41+H43)/2 -> 57.15 | I42: =(I41+I43)/2 -> 0.56007 | ... L42: =(L41+L43)/2 -> 2.8953488
B43: =B41+1 -> 18 | C43: 219 | D43: =C43*0.0098 -> 2.1462 | E43: 1554 | F43: =E43/536 -> 2.8992537 | G43: =((E43/1000000)/0.86)*1000 -> 1.8069767 | H43: 59.5 | I43: =H43*0.0098 -> 0.5831 | J43: 2490 | K43: =J43/536 -> 4.6455224 | L43: =((J43/1000000)/0.86)*1000 -> 2.8953488
B44: =(B43+B45)/2 -> 18.5 | C44: =(C43+C45)/2 -> 216.65 | D44: =(D43+D45)/2 -> 2.12317 | E44: =(E43+E45)/2 -> 1520 | F44: =(F43+F45)/2 -> 2.8358209 | G44: =(G43+G45)/2 -> 1.7674419 | H44: =(H43+H45)/2 -> 61.85 | I44: =(I43+I45)/2 -> 0.60613 | ... L44: =(L43+L45)/2 -> 2.8895349
B45: =B43+1 -> 19 | C45: 214.3 | D45: =C45*0.0098 -> 2.10014 | E45: 1486 | F45: =E45/536 -> 2.7723881 | G45: =((E45/1000000)/0.86)*1000 -> 1.727907 | H45: 64.2 | I45: =H45*0.0098 -> 0.62916 | J45: 2480 | K45: =J45/536 -> 4.6268657 | L45: =((J45/1000000)/0.86)*1000 -> 2.8837209
B46: =(B45+B47)/2 -> 19.5 | C46: =(C45+C47)/2 -> 211.25 | D46: =(D45+D47)/2 -> 2.07025 | E46: =(E45+E47)/2 -> 1450 | F46: =(F45+F47)/2 -> 2.7052239 | G46: =(G45+G47)/2 -> 1.6860465 | H46: =(H45+H47)/2 -> 66.55 | I46: =(I45+I47)/2 -> 0.65219 | ... L46: =(L45+L47)/2 -> 2.8837209
B47: =B45+1 -> 20 | C47: 208.2 | D47: =C47*0.0098 -> 2.04036 | E47: 1414 | F47: =E47/536 -> 2.6380597 | G47: =((E47/1000000)/0.86)*1000 -> 1.644186 | H47: 68.9 | I47: =H47*0.0098 -> 0.67522 | J47: 2480 | K47: =J47/536 -> 4.6268657 | L47: =((J47/1000000)/0.86)*1000 -> 2.8837209
B48: =(B47+B49)/2 -> 20.5 | C48: =(C47+C49)/2 -> 204.1 | D48: =(D47+D49)/2 -> 2.00018 | E48: =(E47+E49)/2 -> 1375.5 | F48: =(F47+F49)/2 -> 2.5662313 | G48: =(G47+G49)/2 -> 1.5994186 | H48: =(H47+H49)/2 -> 71.95 | I48: =(I47+I49)/2 -> 0.70511 | ... L48: =(L47+L49)/2 -> 2.877907
B49: =B47+1 -> 21 | C49: 200 | D49: =C49*0.0098 -> 1.96 | E49: 1337 | F49: =E49/536 -> 2.494403 | G49: =((E49/1000000)/0.86)*1000 -> 1.5546512 | H49: 75 | I49: =H49*0.0098 -> 0.735 | J49: 2470 | K49: =J49/536 -> 4.608209 | L49: =((J49/1000000)/0.86)*1000 -> 2.872093
B50: =(B49+B51)/2 -> 21.5 | C50: =(C49+C51)/2 -> 195.7 | D50: =(D49+D51)/2 -> 1.91786 | E50: =(E49+E51)/2 -> 1301.5 | F50: =(F49+F51)/2 -> 2.4281716 | G50: =(G49+G51)/2 -> 1.5133721 | H50: =(H49+H51)/2 -> 78.15 | I50: =(I49+I51)/2 -> 0.76587 | ... L50: =(L49+L51)/2 -> 2.872093
B51: =B49+1 -> 22 | C51: 191.4 | D51: =C51*0.0098 -> 1.87572 | E51: 1266 | F51: =E51/536 -> 2.3619403 | G51: =((E51/1000000)/0.86)*1000 -> 1.472093 | H51: 81.3 | I51: =H51*0.0098 -> 0.79674 | J51: 2470 | K51: =J51/536 -> 4.608209 | L51: =((J51/1000000)/0.86)*1000 -> 2.872093
B52: =(B51+B53)/2 -> 22.5 | C52: =(C51+C53)/2 -> 186.9 | D52: =(D51+D53)/2 -> 1.83162 | E52: =(E51+E53)/2 -> 1235.5 | F52: =(F51+F53)/2 -> 2.3050373 | G52: =(G51+G53)/2 -> 1.4366279 | H52: =(H51+H53)/2 -> 84.55 | I52: =(I51+I53)/2 -> 0.82859 | ... L52: =(L51+L53)/2 -> 2.8604651
B53: =B51+1 -> 23 | C53: 182.4 | D53: =C53*0.0098 -> 1.78752 | E53: 1205 | F53: =E53/536 -> 2.2481343 | G53: =((E53/1000000)/0.86)*1000 -> 1.4011628 | H53: 87.8 | I53: =H53*0.0098 -> 0.86044 | J53: 2450 | K53: =J53/536 -> 4.5708955 | L53: =((J53/1000000)/0.86)*1000 -> 2.8488372
B54: =(B53+B55)/2 -> 23.5 | C54: =(C53+C55)/2 -> 177.55 | D54: =(D53+D55)/2 -> 1.73999 | E54: =(E53+E55)/2 -> 1171.5 | F54: =(F53+F55)/2 -> 2.1856343 | G54: =(G53+G55)/2 -> 1.3622093 | H54: =(H53+H55)/2 -> 91.5 | I54: =(I53+I55)/2 -> 0.8967 | ... L54: =(L53+L55)/2 -> 2.8430233
B55: =B53+1 -> 24 | C55: 172.7 | D55: =C55*0.0098 -> 1.69246 | E55: 1138 | F55: =E55/536 -> 2.1231343 | G55: =((E55/1000000)/0.86)*1000 -> 1.3232558 | H55: 95.2 | I55: =H55*0.0098 -> 0.93296 | J55: 2440 | K55: =J55/536 -> 4.5522388 | L55: =((J55/1000000)/0.86)*1000 -> 2.8372093
B56: =(B55+B57)/2 -> 24.5 | C56: =(C55+C57)/2 -> 167.1 | D56: =(D55+D57)/2 -> 1.63758 | E56: =(E55+E57)/2 -> 1106 | F56: =(F55+F57)/2 -> 2.0634328 | G56: =(G55+G57)/2 -> 1.2860465 | H56: =(H55+H57)/2 -> 99.95 | I56: =(I55+I57)/2 -> 0.97951 | ... L56: =(L55+L57)/2 -> 2.8255814
B57: =B55+1 -> 25 | C57: 161.5 | D57: =C57*0.0098 -> 1.5827 | E57: 1074 | F57: =E57/536 -> 2.0037313 | G57: =((E57/1000000)/0.86)*1000 -> 1.2488372 | H57: 104.7 | I57: =H57*0.0098 -> 1.02606 | J57: 2420 | K57: =J57/536 -> 4.5149254 | L57: =((J57/1000000)/0.86)*1000 -> 2.8139535
B58: =(B57+B59)/2 -> 25.5 | C58: =(C57+C59)/2 -> 156.25 | D58: =(D57+D59)/2 -> 1.53125 | E58: =(E57+E59)/2 -> 1043.5 | F58: =(F57+F59)/2 -> 1.9468284 | G58: =(G57+G59)/2 -> 1.2133721 | H58: =(H57+H59)/2 -> 109.25 | I58: =(I57+I59)/2 -> 1.07065 | ... L58: =(L57+L59)/2 -> 2.8139535
B59: =B57+1 -> 26 | C59: 151 | D59: =C59*0.0098 -> 1.4798 | E59: 1013 | F59: =E59/536 -> 1.8899254 | G59: =((E59/1000000)/0.86)*1000 -> 1.177907 | H59: 113.8 | I59: =H59*0.0098 -> 1.11524 | J59: 2420 | K59: =J59/536 -> 4.5149254 | L59: =((J59/1000000)/0.86)*1000 -> 2.8139535
B60: =(B59+B61)/2 -> 26.5 | C60: =(C59+C61)/2 -> 145.75 | D60: =(D59+D61)/2 -> 1.42835 | E60: =(E59+E61)/2 -> 986.5 | F60: =(F59+F61)/2 -> 1.8404851 | G60: =(G59+G61)/2 -> 1.147093 | H60: =(H59+H61)/2 -> 118.25 | I60: =(I59+I61)/2 -> 1.15885 | ... L60: =(L59+L61)/2 -> 2.7965116
B61: =B59+1 -> 27 | C61: 140.5 | D61: =C61*0.0098 -> 1.3769 | E61: 960 | F61: =E61/536 -> 1.7910448 | G61: =((E61/1000000)/0.86)*1000 -> 1.1162791 | H61: 122.7 | I61: =H61*0.0098 -> 1.20246 | J61: 2390 | K61: =J61/536 -> 4.4589552 | L61: =((J61/1000000)/0.86)*1000 -> 2.7790698
B62: =(B61+B63)/2 -> 27.5 | C62: =(C61+C63)/2 -> 134.75 | D62: =(D61+D63)/2 -> 1.32055 | E62: =(E61+E63)/2 -> 933 | F62: =(F61+F63)/2 -> 1.7406716 | G62: =(G61+G63)/2 -> 1.0848837 | H62: =(H61+H63)/2 -> 127.7 | I62: =(I61+I63)/2 -> 1.25146 | ... L62: =(L61+L63)/2 -> 2.7732558
B63: =B61+1 -> 28 | C63: 129 | D63: =C63*0.0098 -> 1.2642 | E63: 906 | F63: =E63/536 -> 1.6902985 | G63: =((E63/1000000)/0.86)*1000 -> 1.0534884 | H63: 132.7 | I63: =H63*0.0098 -> 1.30046 | J63: 2380 | K63: =J63/536 -> 4.4402985 | L63: =((J63/1000000)/0.86)*1000 -> 2.7674419
B64: =(B63+B65)/2 -> 28.5 | C64: =(C63+C65)/2 -> 122.95 | D64: =(D63+D65)/2 -> 1.20491 | E64: =(E63+E65)/2 -> 879.5 | F64: =(F63+F65)/2 -> 1.6408582 | G64: =(G63+G65)/2 -> 1.0226744 | H64: =(H63+H65)/2 -> 139.15 | I64: =(I63+I65)/2 -> 1.36367 | ... L64: =(L63+L65)/2 -> 2.744186
B65: =B63+1 -> 29 | C65: 116.9 | D65: =C65*0.0098 -> 1.14562 | E65: 853 | F65: =E65/536 -> 1.5914179 | G65: =((E65/1000000)/0.86)*1000 -> 0.99186047 | H65: 145.6 | I65: =H65*0.0098 -> 1.42688 | J65: 2340 | K65: =J65/536 -> 4.3656716 | L65: =((J65/1000000)/0.86)*1000 -> 2.7209302
B66: =(B65+B67)/2 -> 29.5 | C66: =(C65+C67)/2 -> 110.95 | D66: =(D65+D67)/2 -> 1.08731 | E66: =(E65+E67)/2 -> 829.5 | F66: =(F65+F67)/2 -> 1.5475746 | G66: =(G65+G67)/2 -> 0.96453488 | H66: =(H65+H67)/2 -> 151.95 | I66: =(I65+I67)/2 -> 1.48911 | ... L66: =(L65+L67)/2 -> 2.7093023
B67: =B65+1 -> 30 | C67: 105 | D67: =C67*0.0098 -> 1.029 | E67: 806 | F67: =E67/536 -> 1.5037313 | G67: =((E67/1000000)/0.86)*1000 -> 0.9372093 | H67: 158.3 | I67: =H67*0.0098 -> 1.55134 | J67: 2320 | K67: =J67/536 -> 4.3283582 | L67: =((J67/1000000)/0.86)*1000 -> 2.6976744
B68: =(B67+B69)/2 -> 30.5 | C68: =(C67+C69)/2 -> 99.45 | D68: =(D67+D69)/2 -> 0.97461 | E68: =(E67+E69)/2 -> 785.5 | F68: =(F67+F69)/2 -> 1.4654851 | G68: =(G67+G69)/2 -> 0.91337209 | H68: =(H67+H69)/2 -> 164.95 | I68: =(I67+I69)/2 -> 1.61651 | ... L68: =(L67+L69)/2 -> 2.6802326
B69: =B67+1 -> 31 | C69: 93.9 | D69: =C69*0.0098 -> 0.92022 | E69: 765 | F69: =E69/536 -> 1.4272388 | G69: =((E69/1000000)/0.86)*1000 -> 0.88953488 | H69: 171.6 | I69: =H69*0.0098 -> 1.68168 | J69: 2290 | K69: =J69/536 -> 4.2723881 | L69: =((J69/1000000)/0.86)*1000 -> 2.6627907
B70: =(B69+B71)/2 -> 31.5 | C70: =(C69+C71)/2 -> 88.25 | D70: =(D69+D71)/2 -> 0.86485 | E70: =(E69+E71)/2 -> 745.5 | F70: =(F69+F71)/2 -> 1.3908582 | G70: =(G69+G71)/2 -> 0.86686047 | H70: =(H69+H71)/2 -> 179.15 | I70: =(I69+I71)/2 -> 1.75567 | ... L70: =(L69+L71)/2 -> 2.6395349
B71: =B69+1 -> 32 | C71: 82.6 | D71: =C71*0.0098 -> 0.80948 | E71: 726 | F71: =E71/536 -> 1.3544776 | G71: =((E71/1000000)/0.86)*1000 -> 0.84418605 | H71: 186.7 | I71: =H71*0.0098 -> 1.82966 | J71: 2250 | K71: =J71/536 -> 4.1977612 | L71: =((J71/1000000)/0.86)*1000 -> 2.6162791
B72: =(B71+B73)/2 -> 32.5 | C72: =(C71+C73)/2 -> 77.1 | D72: =(D71+D73)/2 -> 0.75558 | E72: =(E71+E73)/2 -> 707.5 | F72: =(F71+F73)/2 -> 1.3199627 | G72: =(G71+G73)/2 -> 0.82267442 | H72: =(H71+H73)/2 -> 195.6 | I72: =(I71+I73)/2 -> 1.91688 | ... L72: =(L71+L73)/2 -> 2.5988372
B73: =B71+1 -> 33 | C73: 71.6 | D73: =C73*0.0098 -> 0.70168 | E73: 689 | F73: =E73/536 -> 1.2854478 | G73: =((E73/1000000)/0.86)*1000 -> 0.80116279 | H73: 204.5 | I73: =H73*0.0098 -> 2.0041 | J73: 2220 | K73: =J73/536 -> 4.141791 | L73: =((J73/1000000)/0.86)*1000 -> 2.5813953
B74: =(B73+B75)/2 -> 33.5 | C74: =(C73+C75)/2 -> 65.8 | D74: =(D73+D75)/2 -> 0.64484 | E74: =(E73+E75)/2 -> 673.5 | F74: =(F73+F75)/2 -> 1.2565299 | G74: =(G73+G75)/2 -> 0.78313953 | H74: =(H73+H75)/2 -> 212.85 | I74: =(I73+I75)/2 -> 2.08593 | ... L74: =(L73+L75)/2 -> 2.5581395
B75: =B73+1 -> 34 | C75: 60 | D75: =C75*0.0098 -> 0.588 | E75: 658 | F75: =E75/536 -> 1.2276119 | G75: =((E75/1000000)/0.86)*1000 -> 0.76511628 | H75: 221.2 | I75: =H75*0.0098 -> 2.16776 | J75: 2180 | K75: =J75/536 -> 4.0671642 | L75: =((J75/1000000)/0.86)*1000 -> 2.5348837
B76: =(B75+B77)/2 -> 34.5 | C76: =(C75+C77)/2 -> 55 | D76: =(D75+D77)/2 -> 0.539 | E76: =(E75+E77)/2 -> 645 | F76: =(F75+F77)/2 -> 1.2033582 | G76: =(G75+G77)/2 -> 0.75 | H76: =(H75+H77)/2 -> 228.75 | I76: =(I75+I77)/2 -> 2.24175 | ... L76: =(L75+L77)/2 -> 2.5
B77: =B75+1 -> 35 | C77: 50 | D77: =C77*0.0098 -> 0.49 | E77: 632 | F77: =E77/536 -> 1.1791045 | G77: =((E77/1000000)/0.86)*1000 -> 0.73488372 | H77: 236.3 | I77: =H77*0.0098 -> 2.31574 | J77: 2120 | K77: =J77/536 -> 3.9552239 | L77: =((J77/1000000)/0.86)*1000 -> 2.4651163
B78: =(B77+B79)/2 -> 35.5 | C78: =(C77+C79)/2 -> 45 | D78: =(D77+D79)/2 -> 0.441 | E78: =(E77+E79)/2 -> 620.5 | F78: =(F77+F79)/2 -> 1.1576493 | G78: =(G77+G79)/2 -> 0.72151163 | H78: =(H77+H79)/2 -> 243.55 | I78: =(I77+I79)/2 -> 2.38679 | ... L78: =(L77+L79)/2 -> 2.4302326
B79: =B77+1 -> 36 | C79: 40 | D79: =C79*0.0098 -> 0.392 | E79: 609 | F79: =E79/536 -> 1.136194 | G79: =((E79/1000000)/0.86)*1000 -> 0.70813953 | H79: 250.8 | I79: =H79*0.0098 -> 2.45784 | J79: 2060 | K79: =J79/536 -> 3.8432836 | L79: =((J79/1000000)/0.86)*1000 -> 2.3953488
B80: =(B79+B81)/2 -> 36.5 | C80: =(C79+C81)/2 -> 35.6 | D80: =(D79+D81)/2 -> 0.34888 | E80: =(E79+E81)/2 -> 599.5 | F80: =(F79+F81)/2 -> 1.1184701 | G80: =(G79+G81)/2 -> 0.69709302 | H80: =(H79+H81)/2 -> 257.4 | I80: =(I79+I81)/2 -> 2.52252 | ... L80: =(L79+L81)/2 -> 2.3546512
B81: =B79+1 -> 37 | C81: 31.2 | D81: =C81*0.0098 -> 0.30576 | E81: 590 | F81: =E81/536 -> 1.1007463 | G81: =((E81/1000000)/0.86)*1000 -> 0.68604651 | H81: 264 | I81: =H81*0.0098 -> 2.5872 | J81: 1990 | K81: =J81/536 -> 3.7126866 | L81: =((J81/1000000)/0.86)*1000 -> 2.3139535
B82: =(B81+B83)/2 -> 37.5 | C82: =(C81+C83)/2 -> 27.45 | D82: =(D81+D83)/2 -> 0.26901 | E82: =(E81+E83)/2 -> 583 | F82: =(F81+F83)/2 -> 1.0876866 | G82: =(G81+G83)/2 -> 0.67790698 | H82: =(H81+H83)/2 -> 268.25 | I82: =(I81+I83)/2 -> 2.62885 | ... L82: =(L81+L83)/2 -> 2.2947674
B83: =B81+1 -> 38 | C83: 23.7 | D83: =C83*0.0098 -> 0.23226 | E83: 576 | F83: =E83/536 -> 1.0746269 | G83: =((E83/1000000)/0.86)*1000 -> 0.66976744 | H83: 272.5 | I83: =H83*0.0098 -> 2.6705 | J83: 1957 | K83: =J83/536 -> 3.6511194 | L83: =((J83/1000000)/0.86)*1000 -> 2.2755814
B84: =(B83+B85)/2 -> 38.5 | C84: =(C83+C85)/2 -> 20.7 | D84: =(D83+D85)/2 -> 0.20286 | E84: =(E83+E85)/2 -> 570.5 | F84: =(F83+F85)/2 -> 1.0643657 | G84: =(G83+G85)/2 -> 0.66337209 | H84: =(H83+H85)/2 -> 275 | I84: =(I83+I85)/2 -> 2.695 | ... L84: =(L83+L85)/2 -> 2.2412791
B85: =B83+1 -> 39 | C85: 17.7 | D85: =C85*0.0098 -> 0.17346 | E85: 565 | F85: =E85/536 -> 1.0541045 | G85: =((E85/1000000)/0.86)*1000 -> 0.65697674 | H85: 277.5 | I85: =H85*0.0098 -> 2.7195 | J85: 1898 | K85: =J85/536 -> 3.5410448 | L85: =((J85/1000000)/0.86)*1000 -> 2.2069767
B86: =(B85+B87)/2 -> 39.5 | C86: =(C85+C87)/2 -> 15.25 | D86: =(D85+D87)/2 -> 0.14945 | E86: =(E85+E87)/2 -> 561.5 | F86: =(F85+F87)/2 -> 1.0475746 | G86: =(G85+G87)/2 -> 0.65290698 | H86: =(H85+H87)/2 -> 279.15 | I86: =(I85+I87)/2 -> 2.73567 | ... L86: =(L85+L87)/2 -> 2.1593023
B87: =B85+1 -> 40 | C87: 12.8 | D87: =C87*0.0098 -> 0.12544 | E87: 558 | F87: =E87/536 -> 1.0410448 | G87: =((E87/1000000)/0.86)*1000 -> 0.64883721 | H87: 280.8 | I87: =H87*0.0098 -> 2.75184 | J87: 1816 | K87: =J87/536 -> 3.3880597 | L87: =((J87/1000000)/0.86)*1000 -> 2.1116279
B88: =(B87+B89)/2 -> 40.5 | C88: =(C87+C89)/2 -> 10.9 | D88: =(D87+D89)/2 -> 0.10682 | E88: =(E87+E89)/2 -> 555 | F88: =(F87+F89)/2 -> 1.0354478 | G88: =(G87+G89)/2 -> 0.64534884 | H88: =(H87+H89)/2 -> 281.9 | I88: =(I87+I89)/2 -> 2.76262 | ... L88: =(L87+L89)/2 -> 2.0726744
B89: =B87+1 -> 41 | C89: 9 | D89: =C89*0.0098 -> 0.0882 | E89: 552 | F89: =E89/536 -> 1.0298507 | G89: =((E89/1000000)/0.86)*1000 -> 0.64186047 | H89: 283 | I89: =H89*0.0098 -> 2.7734 | J89: 1749 | K89: =J89/536 -> 3.2630597 | L89: =((J89/1000000)/0.86)*1000 -> 2.0337209
B90: =(B89+B91)/2 -> 41.5 | C90: =(C89+C91)/2 -> 7.75 | D90: =(D89+D91)/2 -> 0.07595 | E90: =(E89+E91)/2 -> 550 | F90: =(F89+F91)/2 -> 1.0261194 | G90: =(G89+G91)/2 -> 0.63953488 | H90: =(H89+H91)/2 -> 281.35 | I90: =(I89+I91)/2 -> 2.75723 | ... L90: =(L89+L91)/2 -> 1.9947674
B91: =B89+1 -> 42 | C91: 6.5 | D91: =C91*0.0098 -> 0.0637 | E91: 548 | F91: =E91/536 -> 1.0223881 | G91: =((E91/1000000)/0.86)*1000 -> 0.6372093 | H91: 279.7 | I91: =H91*0.0098 -> 2.74106 | J91: 1682 | K91: =J91/536 -> 3.1380597 | L91: =((J91/1000000)/0.86)*1000 -> 1.955814
B92: =(B91+B93)/2 -> 42.5 | C92: =(C91+C93)/2 -> 5.6 | D92: =(D91+D93)/2 -> 0.05488 | E92: =(E91+E93)/2 -> 547 | F92: =(F91+F93)/2 -> 1.0205224 | G92: =(G91+G93)/2 -> 0.63604651 | H92: =(H91+H93)/2 -> 277.55 | I92: =(I91+I93)/2 -> 2.71999 | ... L92: =(L91+L93)/2 -> 1.9104651
B93: =B91+1 -> 43 | C93: 4.7 | D93: =C93*0.0098 -> 0.04606 | E93: 546 | F93: =E93/536 -> 1.0186567 | G93: =((E93/1000000)/0.86)*1000 -> 0.63488372 | H93: 275.4 | I93: =H93*0.0098 -> 2.69892 | J93: 1604 | K93: =J93/536 -> 2.9925373 | L93: =((J93/1000000)/0.86)*1000 -> 1.8651163
B94: =(B93+B95)/2 -> 43.5 | C94: =(C93+C95)/2 -> 4.1 | D94: =(D93+D95)/2 -> 0.04018 | E94: =(E93+E95)/2 -> 545 | F94: =(F93+F95)/2 -> 1.016791 | G94: =(G93+G95)/2 -> 0.63372093 | H94: =(H93+H95)/2 -> 272.3 | I94: =(I93+I95)/2 -> 2.66854 | ... L94: =(L93+L95)/2 -> 1.8162791
B95: =B93+1 -> 44 | C95: 3.5 | D95: =C95*0.0098 -> 0.0343 | E95: 544 | F95: =E95/536 -> 1.0149254 | G95: =((E95/1000000)/0.86)*1000 -> 0.63255814 | H95: 269.2 | I95: =H95*0.0098 -> 2.63816 | J95: 1520 | K95: =J95/536 -> 2.8358209 | L95: =((J95/1000000)/0.86)*1000 -> 1.7674419
B96: =(B95+B97)/2 -> 44.5 | C96: =(C95+C97)/2 -> 3.05 | D96: =(D95+D97)/2 -> 0.02989 | E96: =(E95+E97)/2 -> 543.5 | F96: =(F95+F97)/2 -> 1.0139925 | G96: =(G95+G97)/2 -> 0.63197674 | H96: =(H95+H97)/2 -> 265.15 | I96: =(I95+I97)/2 -> 2.59847 | ... L96: =(L95+L97)/2 -> 1.722093
B97: =B95+1 -> 45 | C97: 2.6 | D97: =C97*0.0098 -> 0.02548 | E97: 543 | F97: =E97/536 -> 1.0130597 | G97: =((E97/1000000)/0.86)*1000 -> 0.63139535 | H97: 261.1 | I97: =H97*0.0098 -> 2.55878 | J97: 1442 | K97: =J97/536 -> 2.6902985 | L97: =((J97/1000000)/0.86)*1000 -> 1.6767442
B98: =(B97+B99)/2 -> 45.5 | C98: =(C97+C99)/2 -> 2.3 | D98: =(D97+D99)/2 -> 0.02254 | E98: =(E97+E99)/2 -> 542.5 | F98: =(F97+F99)/2 -> 1.0121269 | G98: =(G97+G99)/2 -> 0.63081395 | H98: =(H97+H99)/2 -> 256.2 | I98: =(I97+I99)/2 -> 2.51076 | ... L98: =(L97+L99)/2 -> 1.6348837
B99: =B97+1 -> 46 | C99: 2 | D99: =C99*0.0098 -> 0.0196 | E99: 542 | F99: =E99/536 -> 1.011194 | G99: =((E99/1000000)/0.86)*1000 -> 0.63023256 | H99: 251.3 | I99: =H99*0.0098 -> 2.46274 | J99: 1370 | K99: =J99/536 -> 2.5559701 | L99: =((J99/1000000)/0.86)*1000 -> 1.5930233
B100: =(B99+B101)/2 -> 46.5 | C100: =(C99+C101)/2 -> 1.8 | D100: =(D99+D101)/2 -> 0.01764 | E100: =(E99+E101)/2 -> 541.5 | F100: =(F99+F101)/2 -> 1.0102612 | G100: =(G99+G101)/2 -> 0.62965116 | H100: =(H99+H101)/2 -> 245.55 | I100: =(I99+I101)/2 -> 2.40639 | ... L100: =(L99+L101)/2 -> 1.5552326
B101: =B99+1 -> 47 | C101: 1.6 | D101: =C101*0.0098 -> 0.01568 | E101: 541 | F101: =E101/536 -> 1.0093284 | G101: =((E101/1000000)/0.86)*1000 -> 0.62906977 | H101: 239.8 | I101: =H101*0.0098 -> 2.35004 | J101: 1305 | K101: =J101/536 -> 2.4347015 | L101: =((J101/1000000)/0.86)*1000 -> 1.5174419
B102: =(B101+B103)/2 -> 47.5 | C102: =(C101+C103)/2 -> 1.45 | D102: =(D101+D103)/2 -> 0.01421 | E102: =(E101+E103)/2 -> 540.5 | F102: =(F101+F103)/2 -> 1.0083955 | G102: =(G101+G103)/2 -> 0.62848837 | H102: =(H101+H103)/2 -> 233.1 | I102: =(I101+I103)/2 -> 2.28438 | ... L102: =(L101+L103)/2 -> 1.480814
...

Sheet Field Mapping
B2: Distance | C2: 40L | F2: 30L | G2: 496.2 | I2: 20L | J2: 7.5 | L2: 10L
B3: 0 | F3: 12.225 | G3: =$G$2*F3 -> 6066.045 | I3: 11.0311 | J3: =$J$2*I3 -> 82.73325
B4: =(B3+B5)/2 -> 0.5 | C4: =(C3+C5)/2 -> 0 | D4: =(D3+D5)/2 -> 0 | F4: =(F3+F5)/2 -> 12.21895 | G4: =(G3+G5)/2 -> 6063.043 | I4: =(I3+I5)/2 -> 11.0134 | J4: =(J3+J5)/2 -> 82.6005 | L4: =(L3+L5)/2 -> 0 | M4: =(M3+M5)/2 -> 0
B5: =B3+1 -> 1 | F5: 12.2129 | G5: =$G$2*F5 -> 6060.041 | I5: 10.9957 | J5: =$J$2*I5 -> 82.46775
B6: =(B5+B7)/2 -> 1.5 | C6: =(C5+C7)/2 -> 0 | D6: =(D5+D7)/2 -> 0 | F6: =(F5+F7)/2 -> 12.19455 | G6: =(G5+G7)/2 -> 6050.9357 | I6: =(I5+I7)/2 -> 10.9415 | J6: =(J5+J7)/2 -> 82.06125 | L6: =(L5+L7)/2 -> 0 | M6: =(M5+M7)/2 -> 0
B7: =B5+1 -> 2 | F7: 12.1762 | G7: =$G$2*F7 -> 6041.8304 | I7: 10.8873 | J7: =$J$2*I7 -> 81.65475
B8: =(B7+B9)/2 -> 2.5 | C8: =(C7+C9)/2 -> 0 | D8: =(D7+D9)/2 -> 0 | F8: =(F7+F9)/2 -> 12.1446 | G8: =(G7+G9)/2 -> 6026.1505 | I8: =(I7+I9)/2 -> 10.79375 | J8: =(J7+J9)/2 -> 80.953125 | L8: =(L7+L9)/2 -> 0 | M8: =(M7+M9)/2 -> 0
B9: =B7+1 -> 3 | F9: 12.113 | G9: =$G$2*F9 -> 6010.4706 | I9: 10.7002 | J9: =$J$2*I9 -> 80.2515
B10: =(B9+B11)/2 -> 3.5 | C10: =(C9+C11)/2 -> 0 | D10: =(D9+D11)/2 -> 0 | F10: =(F9+F11)/2 -> 12.0667 | G10: =(G9+G11)/2 -> 5987.4965 | I10: =(I9+I11)/2 -> 10.5625 | J10: =(J9+J11)/2 -> 79.21875 | L10: =(L9+L11)/2 -> 0 | M10: =(M9+M11)/2 -> 0
B11: =B9+1 -> 4 | F11: 12.0204 | G11: =$G$2*F11 -> 5964.5225 | I11: 10.4248 | J11: =$J$2*I11 -> 78.186
B12: =(B11+B13)/2 -> 4.5 | C12: =(C11+C13)/2 -> 0 | D12: =(D11+D13)/2 -> 0 | F12: =(F11+F13)/2 -> 11.95715 | G12: =(G11+G13)/2 -> 5933.1378 | I12: =(I11+I13)/2 -> 10.2364 | J12: =(J11+J13)/2 -> 76.773 | L12: =(L11+L13)/2 -> 0 | M12: =(M11+M13)/2 -> 0
B13: =B11+1 -> 5 | F13: 11.8939 | G13: =$G$2*F13 -> 5901.7532 | I13: 10.048 | J13: =$J$2*I13 -> 75.36
B14: =(B13+B15)/2 -> 5.5 | C14: =(C13+C15)/2 -> 0 | D14: =(D13+D15)/2 -> 0 | F14: =(F13+F15)/2 -> 11.81045 | G14: =(G13+G15)/2 -> 5860.3453 | I14: =(I13+I15)/2 -> 9.8017 | J14: =(J13+J15)/2 -> 73.51275 | L14: =(L13+L15)/2 -> 0 | M14: =(M13+M15)/2 -> 0
B15: =B13+1 -> 6 | F15: 11.727 | G15: =$G$2*F15 -> 5818.9374 | I15: 9.5554 | J15: =$J$2*I15 -> 71.6655
B16: =(B15+B17)/2 -> 6.5 | C16: =(C15+C17)/2 -> 0 | D16: =(D15+D17)/2 -> 0 | F16: =(F15+F17)/2 -> 11.61925 | G16: =(G15+G17)/2 -> 5765.4718 | I16: =(I15+I17)/2 -> 9.2449 | J16: =(J15+J17)/2 -> 69.33675 | L16: =(L15+L17)/2 -> 0 | M16: =(M15+M17)/2 -> 0
B17: =B15+1 -> 7 | F17: 11.5115 | G17: =$G$2*F17 -> 5712.0063 | I17: 8.9344 | J17: =$J$2*I17 -> 67.008
B18: =(B17+B19)/2 -> 7.5 | C18: =(C17+C19)/2 -> 0 | D18: =(D17+D19)/2 -> 0 | F18: =(F17+F19)/2 -> 11.37395 | G18: =(G17+G19)/2 -> 5643.754 | I18: =(I17+I19)/2 -> 8.55825 | J18: =(J17+J19)/2 -> 64.186875 | L18: =(L17+L19)/2 -> 0 | M18: =(M17+M19)/2 -> 0
B19: =B17+1 -> 8 | F19: 11.2364 | G19: =$G$2*F19 -> 5575.5017 | I19: 8.1821 | J19: =$J$2*I19 -> 61.36575
B20: =(B19+B21)/2 -> 8.5 | C20: =(C19+C21)/2 -> 0 | D20: =(D19+D21)/2 -> 0 | F20: =(F19+F21)/2 -> 11.06225 | G20: =(G19+G21)/2 -> 5489.0884 | I20: =(I19+I21)/2 -> 7.74875 | J20: =(J19+J21)/2 -> 58.115625 | L20: =(L19+L21)/2 -> 0 | M20: =(M19+M21)/2 -> 0
B21: =B19+1 -> 9 | F21: 10.8881 | G21: =$G$2*F21 -> 5402.6752 | I21: 7.3154 | J21: =$J$2*I21 -> 54.8655
B22: =(B21+B23)/2 -> 9.5 | C22: =(C21+C23)/2 -> 0 | D22: =(D21+D23)/2 -> 0 | F22: =(F21+F23)/2 -> 10.66945 | G22: =(G21+G23)/2 -> 5294.1811 | I22: =(I21+I23)/2 -> 6.84685 | J22: =(J21+J23)/2 -> 51.351375 | L22: =(L21+L23)/2 -> 0 | M22: =(M21+M23)/2 -> 0
B23: =B21+1 -> 10 | F23: 10.4508 | G23: =$G$2*F23 -> 5185.687 | I23: 6.3783 | J23: =$J$2*I23 -> 47.83725
B24: =(B23+B25)/2 -> 10.5 | C24: =(C23+C25)/2 -> 0 | D24: =(D23+D25)/2 -> 0 | F24: =(F23+F25)/2 -> 10.1791 | G24: =(G23+G25)/2 -> 5050.8694 | I24: =(I23+I25)/2 -> 5.90735 | J24: =(J23+J25)/2 -> 44.305125 | L24: =(L23+L25)/2 -> 0 | M24: =(M23+M25)/2 -> 0
B25: =B23+1 -> 11 | F25: 9.9074 | G25: =$G$2*F25 -> 4916.0519 | I25: 5.4364 | J25: =$J$2*I25 -> 40.773
B26: =(B25+B27)/2 -> 11.5 | C26: =(C25+C27)/2 -> 0 | D26: =(D25+D27)/2 -> 0 | F26: =(F25+F27)/2 -> 9.57555 | G26: =(G25+G27)/2 -> 4751.3879 | I26: =(I25+I27)/2 -> 4.99575 | J26: =(J25+J27)/2 -> 37.468125 | L26: =(L25+L27)/2 -> 0 | M26: =(M25+M27)/2 -> 0
B27: =B25+1 -> 12 | F27: 9.2437 | G27: =$G$2*F27 -> 4586.7239 | I27: 4.5551 | J27: =$J$2*I27 -> 34.16325
B28: =(B27+B29)/2 -> 12.5 | C28: =(C27+C29)/2 -> 0 | D28: =(D27+D29)/2 -> 0 | F28: =(F27+F29)/2 -> 8.84945 | G28: =(G27+G29)/2 -> 4391.0971 | I28: =(I27+I29)/2 -> 4.1665 | J28: =(J27+J29)/2 -> 31.24875 | L28: =(L27+L29)/2 -> 0 | M28: =(M27+M29)/2 -> 0
B29: =B27+1 -> 13 | F29: 8.4552 | G29: =$G$2*F29 -> 4195.4702 | I29: 3.7779 | J29: =$J$2*I29 -> 28.33425
B30: =(B29+B31)/2 -> 13.5 | C30: =(C29+C31)/2 -> 0 | D30: =(D29+D31)/2 -> 0 | F30: =(F29+F31)/2 -> 8.0064 | G30: =(G29+G31)/2 -> 3972.7757 | I30: =(I29+I31)/2 -> 3.4494 | J30: =(J29+J31)/2 -> 25.8705 | L30: =(L29+L31)/2 -> 0 | M30: =(M29+M31)/2 -> 0
B31: =B29+1 -> 14 | F31: 7.5576 | G31: =$G$2*F31 -> 3750.0811 | I31: 3.1209 | J31: =$J$2*I31 -> 23.40675
B32: =(B31+B33)/2 -> 14.5 | C32: =(C31+C33)/2 -> 0 | D32: =(D31+D33)/2 -> 0 | F32: =(F31+F33)/2 -> 7.0758 | G32: =(G31+G33)/2 -> 3511.012 | I32: =(I31+I33)/2 -> 2.85035 | J32: =(J31+J33)/2 -> 21.377625 | L32: =(L31+L33)/2 -> 0 | M32: =(M31+M33)/2 -> 0
B33: =B31+1 -> 15 | F33: 6.594 | G33: =$G$2*F33 -> 3271.9428 | I33: 2.5798 | J33: =$J$2*I33 -> 19.3485
B34: =(B33+B35)/2 -> 15.5 | C34: =(C33+C35)/2 -> 0 | D34: =(D33+D35)/2 -> 0 | F34: =(F33+F35)/2 -> 6.11165 | G34: =(G33+G35)/2 -> 3032.6007 | I34: =(I33+I35)/2 -> 2.36 | J34: =(J33+J35)/2 -> 17.7 | L34: =(L33+L35)/2 -> 0 | M34: =(M33+M35)/2 -> 0
B35: =B33+1 -> 16 | F35: 5.6293 | G35: =$G$2*F35 -> 2793.2587 | I35: 2.1402 | J35: =$J$2*I35 -> 16.0515
B36: =(B35+B37)/2 -> 16.5 | C36: =(C35+C37)/2 -> 0 | D36: =(D35+D37)/2 -> 0 | F36: =(F35+F37)/2 -> 5.17875 | G36: =(G35+G37)/2 -> 2569.6957 | I36: =(I35+I37)/2 -> 1.96275 | J36: =(J35+J37)/2 -> 14.720625 | L36: =(L35+L37)/2 -> 0 | M36: =(M35+M37)/2 -> 0
B37: =B35+1 -> 17 | F37: 4.7282 | G37: =$G$2*F37 -> 2346.1328 | I37: 1.7853 | J37: =$J$2*I37 -> 13.38975
B38: =(B37+B39)/2 -> 17.5 | C38: =(C37+C39)/2 -> 0 | D38: =(D37+D39)/2 -> 0 | F38: =(F37+F39)/2 -> 4.33105 | G38: =(G37+G39)/2 -> 2149.067 | I38: =(I37+I39)/2 -> 1.64205 | J38: =(J37+J39)/2 -> 12.315375 | L38: =(L37+L39)/2 -> 0 | M38: =(M37+M39)/2 -> 0
B39: =B37+1 -> 18 | F39: 3.9339 | G39: =$G$2*F39 -> 1952.0012 | I39: 1.4988 | J39: =$J$2*I39 -> 11.241
B40: =(B39+B41)/2 -> 18.5 | C40: =(C39+C41)/2 -> 0 | D40: =(D39+D41)/2 -> 0 | F40: =(F39+F41)/2 -> 3.5979 | G40: =(G39+G41)/2 -> 1785.278 | I40: =(I39+I41)/2 -> 1.3829 | J40: =(J39+J41)/2 -> 10.37175 | L40: =(L39+L41)/2 -> 0 | M40: =(M39+M41)/2 -> 0
B41: =B39+1 -> 19 | F41: 3.2619 | G41: =$G$2*F41 -> 1618.5548 | I41: 1.267 | J41: =$J$2*I41 -> 9.5025
B42: =(B41+B43)/2 -> 19.5 | C42: =(C41+C43)/2 -> 0 | D42: =(D41+D43)/2 -> 0 | F42: =(F41+F43)/2 -> 2.98475 | G42: =(G41+G43)/2 -> 1481.0329 | I42: =(I41+I43)/2 -> 1.17275 | J42: =(J41+J43)/2 -> 8.795625 | L42: =(L41+L43)/2 -> 0 | M42: =(M41+M43)/2 -> 0
B43: =B41+1 -> 20 | F43: 2.7076 | G43: =$G$2*F43 -> 1343.5111 | I43: 1.0785 | J43: =$J$2*I43 -> 8.08875
B44: =(B43+B45)/2 -> 20.5 | C44: =(C43+C45)/2 -> 0 | D44: =(D43+D45)/2 -> 0 | F44: =(F43+F45)/2 -> 2.482 | G44: =(G43+G45)/2 -> 1231.5684 | I44: =(I43+I45)/2 -> 1.0014 | J44: =(J43+J45)/2 -> 7.5105 | L44: =(L43+L45)/2 -> 0 | M44: =(M43+M45)/2 -> 0
B45: =B43+1 -> 21 | F45: 2.2564 | G45: =$G$2*F45 -> 1119.6257 | I45: 0.9243 | J45: =$J$2*I45 -> 6.93225
B46: =(B45+B47)/2 -> 21.5 | C46: =(C45+C47)/2 -> 0 | D46: =(D45+D47)/2 -> 0 | F46: =(F45+F47)/2 -> 2.07385 | G46: =(G45+G47)/2 -> 1029.0444 | I46: =(I45+I47)/2 -> 0.8608 | J46: =(J45+J47)/2 -> 6.456 | L46: =(L45+L47)/2 -> 0 | M46: =(M45+M47)/2 -> 0
B47: =B45+1 -> 22 | F47: 1.8913 | G47: =$G$2*F47 -> 938.46306 | I47: 0.7973 | J47: =$J$2*I47 -> 5.97975
B48: =(B47+B49)/2 -> 22.5 | C48: =(C47+C49)/2 -> 0 | D48: =(D47+D49)/2 -> 0 | F48: =(F47+F49)/2 -> 1.7435 | G48: =(G47+G49)/2 -> 865.1247 | I48: =(I47+I49)/2 -> 0.7447 | J48: =(J47+J49)/2 -> 5.58525 | L48: =(L47+L49)/2 -> 0 | M48: =(M47+M49)/2 -> 0
B49: =B47+1 -> 23 | F49: 1.5957 | G49: =$G$2*F49 -> 791.78634 | I49: 0.6921 | J49: =$J$2*I49 -> 5.19075
B50: =(B49+B51)/2 -> 23.5 | C50: =(C49+C51)/2 -> 0 | D50: =(D49+D51)/2 -> 0 | F50: =(F49+F51)/2 -> 1.47575 | G50: =(G49+G51)/2 -> 732.26715 | I50: =(I49+I51)/2 -> 0.6482 | J50: =(J49+J51)/2 -> 4.8615 | L50: =(L49+L51)/2 -> 0 | M50: =(M49+M51)/2 -> 0
B51: =B49+1 -> 24 | F51: 1.3558 | G51: =$G$2*F51 -> 672.74796 | I51: 0.6043 | J51: =$J$2*I51 -> 4.53225
B52: =(B51+B53)/2 -> 24.5 | C52: =(C51+C53)/2 -> 0 | D52: =(D51+D53)/2 -> 0 | F52: =(F51+F53)/2 -> 1.25795 | G52: =(G51+G53)/2 -> 624.19479 | I52: =(I51+I53)/2 -> 0.56745 | J52: =(J51+J53)/2 -> 4.255875 | L52: =(L51+L53)/2 -> 0 | M52: =(M51+M53)/2 -> 0
B53: =B51+1 -> 25 | F53: 1.1601 | G53: =$G$2*F53 -> 575.64162 | I53: 0.5306 | J53: =$J$2*I53 -> 3.9795
B54: =(B53+B55)/2 -> 25.5 | C54: =(C53+C55)/2 -> 0 | D54: =(D53+D55)/2 -> 0 | F54: =(F53+F55)/2 -> 1.07975 | G54: =(G53+G55)/2 -> 535.77195 | I54: =(I53+I55)/2 -> 0.49945 | J54: =(J53+J55)/2 -> 3.745875 | L54: =(L53+L55)/2 -> 0 | M54: =(M53+M55)/2 -> 0
B55: =B53+1 -> 26 | F55: 0.9994 | G55: =$G$2*F55 -> 495.90228 | I55: 0.4683 | J55: =$J$2*I55 -> 3.51225
B56: =(B55+B57)/2 -> 26.5 | C56: =(C55+C57)/2 -> 0 | D56: =(D55+D57)/2 -> 0 | F56: =(F55+F57)/2 -> 0.93305 | G56: =(G55+G57)/2 -> 462.97941 | I56: =(I55+I57)/2 -> 0.4418 | J56: =(J55+J57)/2 -> 3.3135 | L56: =(L55+L57)/2 -> 0 | M56: =(M55+M57)/2 -> 0
B57: =B55+1 -> 27 | F57: 0.8667 | G57: =$G$2*F57 -> 430.05654 | I57: 0.4153 | J57: =$J$2*I57 -> 3.11475
B58: =(B57+B59)/2 -> 27.5 | C58: =(C57+C59)/2 -> 0 | D58: =(D57+D59)/2 -> 0 | F58: =(F57+F59)/2 -> 0.81145 | G58: =(G57+G59)/2 -> 402.64149 | I58: =(I57+I59)/2 -> 0.39265 | J58: =(J57+J59)/2 -> 2.944875 | L58: =(L57+L59)/2 -> 0 | M58: =(M57+M59)/2 -> 0
B59: =B57+1 -> 28 | F59: 0.7562 | G59: =$G$2*F59 -> 375.22644 | I59: 0.37 | J59: =$J$2*I59 -> 2.775
B60: =(B59+B61)/2 -> 28.5 | C60: =(C59+C61)/2 -> 0 | D60: =(D59+D61)/2 -> 0 | F60: =(F59+F61)/2 -> 0.70995 | G60: =(G59+G61)/2 -> 352.27719 | I60: =(I59+I61)/2 -> 0.3505 | J60: =(J59+J61)/2 -> 2.62875 | L60: =(L59+L61)/2 -> 0 | M60: =(M59+M61)/2 -> 0
B61: =B59+1 -> 29 | F61: 0.6637 | G61: =$G$2*F61 -> 329.32794 | I61: 0.331 | J61: =$J$2*I61 -> 2.4825
B62: =(B61+B63)/2 -> 29.5 | C62: =(C61+C63)/2 -> 0 | D62: =(D61+D63)/2 -> 0 | F62: =(F61+F63)/2 -> 0.62475 | G62: =(G61+G63)/2 -> 310.00095 | I62: =(I61+I63)/2 -> 0.31415 | J62: =(J61+J63)/2 -> 2.356125 | L62: =(L61+L63)/2 -> 0 | M62: =(M61+M63)/2 -> 0
B63: =B61+1 -> 30 | F63: 0.5858 | G63: =$G$2*F63 -> 290.67396 | I63: 0.2973 | J63: =$J$2*I63 -> 2.22975
B64: =(B63+B65)/2 -> 30.5 | C64: =(C63+C65)/2 -> 0 | D64: =(D63+D65)/2 -> 0 | F64: =(F63+F65)/2 -> 0.5527 | G64: =(G63+G65)/2 -> 274.24974 | I64: =(I63+I65)/2 -> 0.28265 | J64: =(J63+J65)/2 -> 2.119875 | L64: =(L63+L65)/2 -> 0 | M64: =(M63+M65)/2 -> 0
B65: =B63+1 -> 31 | F65: 0.5196 | G65: =$G$2*F65 -> 257.82552 | I65: 0.268 | J65: =$J$2*I65 -> 2.01
B66: =(B65+B67)/2 -> 31.5 | C66: =(C65+C67)/2 -> 0 | D66: =(D65+D67)/2 -> 0 | F66: =(F65+F67)/2 -> 0.49135 | G66: =(G65+G67)/2 -> 243.80787 | I66: =(I65+I67)/2 -> 0.25525 | J66: =(J65+J67)/2 -> 1.914375 | L66: =(L65+L67)/2 -> 0 | M66: =(M65+M67)/2 -> 0
B67: =B65+1 -> 32 | F67: 0.4631 | G67: =$G$2*F67 -> 229.79022 | I67: 0.2425 | J67: =$J$2*I67 -> 1.81875
B68: =(B67+B69)/2 -> 32.5 | C68: =(C67+C69)/2 -> 0 | D68: =(D67+D69)/2 -> 0 | F68: =(F67+F69)/2 -> 0.43885 | G68: =(G67+G69)/2 -> 217.75737 | I68: =(I67+I69)/2 -> 0.2313 | J68: =(J67+J69)/2 -> 1.73475 | L68: =(L67+L69)/2 -> 0 | M68: =(M67+M69)/2 -> 0
B69: =B67+1 -> 33 | F69: 0.4146 | G69: =$G$2*F69 -> 205.72452 | I69: 0.2201 | J69: =$J$2*I69 -> 1.65075
B70: =(B69+B71)/2 -> 33.5 | C70: =(C69+C71)/2 -> 0 | D70: =(D69+D71)/2 -> 0 | F70: =(F69+F71)/2 -> 0.39365 | G70: =(G69+G71)/2 -> 195.32913 | I70: =(I69+I71)/2 -> 0.21025 | J70: =(J69+J71)/2 -> 1.576875 | L70: =(L69+L71)/2 -> 0 | M70: =(M69+M71)/2 -> 0
B71: =B69+1 -> 34 | F71: 0.3727 | G71: =$G$2*F71 -> 184.93374 | I71: 0.2004 | J71: =$J$2*I71 -> 1.503
B72: =(B71+B73)/2 -> 34.5 | C72: =(C71+C73)/2 -> 0 | D72: =(D71+D73)/2 -> 0 | F72: =(F71+F73)/2 -> 0.3545 | G72: =(G71+G73)/2 -> 175.9029 | I72: =(I71+I73)/2 -> 0.1917 | J72: =(J71+J73)/2 -> 1.43775 | L72: =(L71+L73)/2 -> 0 | M72: =(M71+M73)/2 -> 0
B73: =B71+1 -> 35 | F73: 0.3363 | G73: =$G$2*F73 -> 166.87206 | I73: 0.183 | J73: =$J$2*I73 -> 1.3725
B74: =(B73+B75)/2 -> 35.5 | C74: =(C73+C75)/2 -> 0 | D74: =(D73+D75)/2 -> 0 | F74: =(F73+F75)/2 -> 0.32045 | G74: =(G73+G75)/2 -> 159.00729 | I74: =(I73+I75)/2 -> 0.17525 | J74: =(J73+J75)/2 -> 1.314375 | L74: =(L73+L75)/2 -> 0 | M74: =(M73+M75)/2 -> 0
B75: =B73+1 -> 36 | F75: 0.3046 | G75: =$G$2*F75 -> 151.14252 | I75: 0.1675 | J75: =$J$2*I75 -> 1.25625
B76: =(B75+B77)/2 -> 36.5 | C76: =(C75+C77)/2 -> 0 | D76: =(D75+D77)/2 -> 0 | F76: =(F75+F77)/2 -> 0.2907 | G76: =(G75+G77)/2 -> 144.24534 | I76: =(I75+I77)/2 -> 0.1606 | J76: =(J75+J77)/2 -> 1.2045 | L76: =(L75+L77)/2 -> 0 | M76: =(M75+M77)/2 -> 0
B77: =B75+1 -> 37 | F77: 0.2768 | G77: =$G$2*F77 -> 137.34816 | I77: 0.1537 | J77: =$J$2*I77 -> 1.15275
B78: =(B77+B79)/2 -> 37.5 | C78: =(C77+C79)/2 -> 0 | D78: =(D77+D79)/2 -> 0 | F78: =(F77+F79)/2 -> 0.26455 | G78: =(G77+G79)/2 -> 131.26971 | I78: =(I77+I79)/2 -> 0.1476 | J78: =(J77+J79)/2 -> 1.107 | L78: =(L77+L79)/2 -> 0 | M78: =(M77+M79)/2 -> 0
B79: =B77+1 -> 38 | F79: 0.2523 | G79: =$G$2*F79 -> 125.19126 | I79: 0.1415 | J79: =$J$2*I79 -> 1.06125
B80: =(B79+B81)/2 -> 38.5 | C80: =(C79+C81)/2 -> 0 | D80: =(D79+D81)/2 -> 0 | F80: =(F79+F81)/2 -> 0.2415 | G80: =(G79+G81)/2 -> 119.8323 | I80: =(I79+I81)/2 -> 0.136 | J80: =(J79+J81)/2 -> 1.02 | L80: =(L79+L81)/2 -> 0 | M80: =(M79+M81)/2 -> 0
B81: =B79+1 -> 39 | F81: 0.2307 | G81: =$G$2*F81 -> 114.47334 | I81: 0.1305 | J81: =$J$2*I81 -> 0.97875
B82: =(B81+B83)/2 -> 39.5 | C82: =(C81+C83)/2 -> 0 | D82: =(D81+D83)/2 -> 0 | F82: =(F81+F83)/2 -> 0.2211 | G82: =(G81+G83)/2 -> 109.70982 | I82: =(I81+I83)/2 -> 0.12555 | J82: =(J81+J83)/2 -> 0.941625 | L82: =(L81+L83)/2 -> 0 | M82: =(M81+M83)/2 -> 0
B83: =B81+1 -> 40 | F83: 0.2115 | G83: =$G$2*F83 -> 104.9463 | I83: 0.1206 | J83: =$J$2*I83 -> 0.9045
B84: =(B83+B85)/2 -> 40.5 | C84: =(C83+C85)/2 -> 0 | D84: =(D83+D85)/2 -> 0 | F84: =(F83+F85)/2 -> 0.20295 | G84: =(G83+G85)/2 -> 100.70379 | I84: =(I83+I85)/2 -> 0.11615 | J84: =(J83+J85)/2 -> 0.871125 | L84: =(L83+L85)/2 -> 0 | M84: =(M83+M85)/2 -> 0
B85: =B83+1 -> 41 | F85: 0.1944 | G85: =$G$2*F85 -> 96.46128 | I85: 0.1117 | J85: =$J$2*I85 -> 0.83775
B86: =(B85+B87)/2 -> 41.5 | C86: =(C85+C87)/2 -> 0 | D86: =(D85+D87)/2 -> 0 | F86: =(F85+F87)/2 -> 0.18675 | G86: =(G85+G87)/2 -> 92.66535 | I86: =(I85+I87)/2 -> 0.10765 | J86: =(J85+J87)/2 -> 0.807375 | L86: =(L85+L87)/2 -> 0 | M86: =(M85+M87)/2 -> 0
B87: =B85+1 -> 42 | F87: 0.1791 | G87: =$G$2*F87 -> 88.86942 | I87: 0.1036 | J87: =$J$2*I87 -> 0.777
B88: =(B87+B89)/2 -> 42.5 | C88: =(C87+C89)/2 -> 0 | D88: =(D87+D89)/2 -> 0 | F88: =(F87+F89)/2 -> 0.1723 | G88: =(G87+G89)/2 -> 85.49526 | I88: =(I87+I89)/2 -> 0.09995 | J88: =(J87+J89)/2 -> 0.749625 | L88: =(L87+L89)/2 -> 0 | M88: =(M87+M89)/2 -> 0
B89: =B87+1 -> 43 | F89: 0.1655 | G89: =$G$2*F89 -> 82.1211 | I89: 0.0963 | J89: =$J$2*I89 -> 0.72225
B90: =(B89+B91)/2 -> 43.5 | C90: =(C89+C91)/2 -> 0 | D90: =(D89+D91)/2 -> 0 | F90: =(F89+F91)/2 -> 0.15935 | G90: =(G89+G91)/2 -> 79.06947 | I90: =(I89+I91)/2 -> 0.093 | J90: =(J89+J91)/2 -> 0.6975 | L90: =(L89+L91)/2 -> 0 | M90: =(M89+M91)/2 -> 0
B91: =B89+1 -> 44 | F91: 0.1532 | G91: =$G$2*F91 -> 76.01784 | I91: 0.0897 | J91: =$J$2*I91 -> 0.67275
B92: =(B91+B93)/2 -> 44.5 | C92: =(C91+C93)/2 -> 0 | D92: =(D91+D93)/2 -> 0 | F92: =(F91+F93)/2 -> 0.14765 | G92: =(G91+G93)/2 -> 73.26393 | I92: =(I91+I93)/2 -> 0.0867 | J92: =(J91+J93)/2 -> 0.65025 | L92: =(L91+L93)/2 -> 0 | M92: =(M91+M93)/2 -> 0
B93: =B91+1 -> 45 | F93: 0.1421 | G93: =$G$2*F93 -> 70.51002 | I93: 0.0837 | J93: =$J$2*I93 -> 0.62775
B94: =(B93+B95)/2 -> 45.5 | C94: =(C93+C95)/2 -> 0 | D94: =(D93+D95)/2 -> 0 | F94: =(F93+F95)/2 -> 0.13705 | G94: =(G93+G95)/2 -> 68.00421 | I94: =(I93+I95)/2 -> 0.08095 | J94: =(J93+J95)/2 -> 0.607125 | L94: =(L93+L95)/2 -> 0 | M94: =(M93+M95)/2 -> 0
B95: =B93+1 -> 46 | F95: 0.132 | G95: =$G$2*F95 -> 65.4984 | I95: 0.0782 | J95: =$J$2*I95 -> 0.5865
B96: =(B95+B97)/2 -> 46.5 | C96: =(C95+C97)/2 -> 0 | D96: =(D95+D97)/2 -> 0 | F96: =(F95+F97)/2 -> 0.12745 | G96: =(G95+G97)/2 -> 63.24069 | I96: =(I95+I97)/2 -> 0.0757 | J96: =(J95+J97)/2 -> 0.56775 | L96: =(L95+L97)/2 -> 0 | M96: =(M95+M97)/2 -> 0
B97: =B95+1 -> 47 | F97: 0.1229 | G97: =$G$2*F97 -> 60.98298 | I97: 0.0732 | J97: =$J$2*I97 -> 0.549
B98: =(B97+B99)/2 -> 47.5 | C98: =(C97+C99)/2 -> 0 | D98: =(D97+D99)/2 -> 0 | F98: =(F97+F99)/2 -> 0.1188 | G98: =(G97+G99)/2 -> 58.94856 | I98: =(I97+I99)/2 -> 0.0709 | J98: =(J97+J99)/2 -> 0.53175 | L98: =(L97+L99)/2 -> 0 | M98: =(M97+M99)/2 -> 0
B99: =B97+1 -> 48 | F99: 0.1147 | G99: =$G$2*F99 -> 56.91414 | I99: 0.0686 | J99: =$J$2*I99 -> 0.5145
B100: =(B99+B101)/2 -> 48.5 | C100: =(C99+C101)/2 -> 0 | D100: =(D99+D101)/2 -> 0 | F100: =(F99+F101)/2 -> 0.1109 | G100: =(G99+G101)/2 -> 55.02858 | I100: =(I99+I101)/2 -> 0.06645 | J100: =(J99+J101)/2 -> 0.498375 | L100: =(L99+L101)/2 -> 0 | M100: =(M99+M101)/2 -> 0
B101: =B99+1 -> 49 | F101: 0.1071 | G101: =$G$2*F101 -> 53.14302 | I101: 0.0643 | J101: =$J$2*I101 -> 0.48225
...

Sheet Sheet7
D4: TRUE | E4: 0 | F4: 0 | G4: 2500 | I4: 0 | J4: 4215.8237 | K4: 0 | M4: =K4/F4 -> #DIV/0!
F5: 0.01372 | G5: 2500
D6: TRUE | E6: 1 | F6: 0.02744 | G6: 2500 | I6: 1 | J6: 4215.2166 | K6: 0.037725472 | M6: =K6/F6 -> 1.374835
F7: 0.04018 | G7: 2500
D8: TRUE | E8: =E6+1 -> 2 | F8: 0.05292 | G8: 2500 | I8: 2 | J8: 4215.3713 | K8: 0.066353614 | M8: =K8/F8 -> 1.2538476
F9: 0.06517 | G9: 2500
D10: TRUE | E10: =E8+1 -> 3 | F10: 0.07742 | G10: 2500 | I10: 3 | J10: 4220.9034 | K10: 0.097708305 | M10: =K10/F10 -> 1.2620551
F11: 0.08967 | G11: 2505
D12: TRUE | E12: =E10+1 -> 4 | F12: 0.10192 | G12: 2510 | I12: 4 | J12: 4223.0746 | K12: 0.1280421 | M12: =K12/F12 -> 1.2563
F13: 0.11564 | G13: 2510
D14: TRUE | E14: =E12+1 -> 5 | F14: 0.12936 | G14: 2510 | I14: 5 | J14: 4227.4838 | K14: 0.16533044 | M14: =K14/F14 -> 1.2780647
F15: 0.14357 | G15: 2515
D16: TRUE | E16: =E14+1 -> 6 | F16: 0.15778 | G16: 2520 | I16: 6 | J16: 4232.3836 | K16: 0.19822588 | M16: =K16/F16 -> 1.2563435
F17: 0.17052 | G17: 2520
D18: TRUE | E18: =E16+1 -> 7 | F18: 0.18326 | G18: 2520 | I18: 7 | J18: 4236.763 | K18: 0.23387813 | M18: =K18/F18 -> 1.2762094
F19: 0.19747 | G19: 2515
D20: TRUE | E20: =E18+1 -> 8 | F20: 0.21168 | G20: 2510 | I20: 8 | J20: 4246.5285 | K20: 0.26716585 | M20: =K20/F20 -> 1.2621214
F21: 0.22687 | G21: 2510
D22: TRUE | E22: =E20+1 -> 9 | F22: 0.24206 | G22: 2510 | I22: 9 | J22: 4252.6046 | K22: 0.31677771 | M22: =K22/F22 -> 1.3086743
F23: 0.2597 | G23: 2510
D24: TRUE | E24: =E22+1 -> 10 | F24: 0.27734 | G24: 2510 | I24: 10 | J24: 4266.2772 | K24: 0.3496695 | M24: =K24/F24 -> 1.2607972
F25: 0.29057 | G25: 2510
D26: TRUE | E26: =E24+1 -> 11 | F26: 0.3038 | G26: 2510 | I26: 11 | J26: 4270.7943 | K26: 0.37231444 | M26: =K26/F26 -> 1.2255248
F27: 0.32242 | G27: 2505
D28: TRUE | E28: =E26+1 -> 12 | F28: 0.34104 | G28: 2500 | I28: 12 | J28: 4280.9411 | K28: 0.43141684 | M28: =K28/F28 -> 1.2650036
F29: 0.35868 | G29: 2500
D30: TRUE | E30: =E28+1 -> 13 | F30: 0.37632 | G30: 2500 | I30: 13 | J30: 4294.3883 | K30: 0.46330475 | M30: =K30/F30 -> 1.2311457
F31: 0.39445 | G31: 2500
D32: TRUE | E32: =E30+1 -> 14 | F32: 0.41258 | G32: 2500 | I32: 14 | J32: 4302.1999 | K32: 0.52177273 | M32: =K32/F32 -> 1.2646583
F33: 0.43071 | G33: 2500
D34: TRUE | E34: =E32+1 -> 15 | F34: 0.44884 | G34: 2500 | I34: 15 | J34: 4316.7568 | K34: 0.5572734 | M34: =K34/F34 -> 1.2415859
F35: 0.46942 | G35: 2500
D36: TRUE | E36: =E34+1 -> 16 | F36: 0.49 | G36: 2500 | I36: 16 | J36: 4333.4997 | K36: 0.61565906 | M36: =K36/F36 -> 1.2564471
F37: 0.51352 | G37: 2495
D38: TRUE | E38: =E36+1 -> 17 | F38: 0.53704 | G38: 2490 | I38: 17 | J38: 4342.0329 | K38: 0.66556455 | M38: =K38/F38 -> 1.2393203
F39: 0.56007 | G39: 2490
D40: TRUE | E40: =E38+1 -> 18 | F40: 0.5831 | G40: 2490 | I40: 18 | J40: 4357.3757 | K40: 0.70900271 | M40: =K40/F40 -> 1.2159196
F41: 0.60613 | G41: 2485
D42: TRUE | E42: =E40+1 -> 19 | F42: 0.62916 | G42: 2480 | I42: 19 | J42: 4372.7691 | K42: 0.76764471 | M42: =K42/F42 -> 1.2201105
F43: 0.65219 | G43: 2480
D44: TRUE | E44: =E42+1 -> 20 | F44: 0.67522 | G44: 2480 | I44: 20 | J44: 4386.9028 | K44: 0.84107824 | M44: =K44/F44 -> 1.2456359
F45: 0.70511 | G45: 2475
D46: TRUE | E46: =E44+1 -> 21 | F46: 0.735 | G46: 2470 | I46: 21 | J46: 4393.4157 | K46: 0.89353383 | M46: =K46/F46 -> 1.2156923
F47: 0.76587 | G47: 2470
D48: TRUE | E48: =E46+1 -> 22 | F48: 0.79674 | G48: 2470 | I48: 22 | J48: 4412.525 | K48: 0.99198864 | M48: =K48/F48 -> 1.2450594
F49: 0.82859 | G49: 2460
D50: TRUE | E50: =E48+1 -> 23 | F50: 0.86044 | G50: 2450 | I50: 23 | J50: 4423.7308 | K50: 1.064692 | M50: =K50/F50 -> 1.2373809
F51: 0.8967 | G51: 2445
D52: TRUE | E52: =E50+1 -> 24 | F52: 0.93296 | G52: 2440 | I52: 24 | J52: 4437.0839 | K52: 1.1378035 | M52: =K52/F52 -> 1.219563
F53: 0.97951 | G53: 2430
D54: TRUE | E54: =E52+1 -> 25 | F54: 1.02606 | G54: 2420 | I54: 25 | J54: 4445.7039 | K54: 1.2641061 | M54: =K54/F54 -> 1.2320002
F55: 1.07065 | G55: 2420
D56: TRUE | E56: =E54+1 -> 26 | F56: 1.11524 | G56: 2420 | I56: 26 | J56: 4457.5992 | K56: 1.3320346 | M56: =K56/F56 -> 1.1943928
F57: 1.15885 | G57: 2405
D58: TRUE | E58: =E56+1 -> 27 | F58: 1.20246 | G58: 2390 | I58: 27 | J58: 4455.7655 | K58: 1.4551784 | M58: =K58/F58 -> 1.2101679
F59: 1.25146 | G59: 2385
D60: TRUE | E60: =E58+1 -> 28 | F60: 1.30046 | G60: 2380 | I60: 28 | J60: 4456.9287 | K60: 1.5661467 | M60: =K60/F60 -> 1.2043021
F61: 1.36367 | G61: 2360
D62: TRUE | E62: =E60+1 -> 29 | F62: 1.42688 | G62: 2340 | I62: 29 | J62: 4455.8979 | K62: 1.6738174 | M62: =K62/F62 -> 1.1730611
F63: 1.48911 | G63: 2330
D64: TRUE | E64: =E62+1 -> 30 | F64: 1.55134 | G64: 2320 | I64: 30 | J64: 4440.6451 | K64: 1.8248122 | M64: =K64/F64 -> 1.1762813
F65: 1.61651 | G65: 2305
D66: TRUE | E66: =E64+1 -> 31 | F66: 1.68168 | G66: 2290 | I66: 31 | J66: 4425.9762 | K66: 1.9943298 | M66: =K66/F66 -> 1.1859152
F67: 1.75567 | G67: 2270
D68: TRUE | E68: =E66+1 -> 32 | F68: 1.82966 | G68: 2250 | I68: 32 | J68: 4397.725 | K68: 2.1478236 | M68: =K68/F68 -> 1.1738922
F69: 1.91688 | G69: 2235
D70: TRUE | E70: =E68+1 -> 33 | F70: 2.0041 | G70: 2220 | I70: 33 | J70: 4360.4822 | K70: 2.3315518 | M70: =K70/F70 -> 1.163391
F71: 2.08593 | G71: 2200
D72: TRUE | E72: =E70+1 -> 34 | F72: 2.16776 | G72: 2180 | I72: 34 | J72: 4307.2455 | K72: 2.5245866 | M72: =K72/F72 -> 1.1646061
F73: 2.24175 | G73: 2150
D74: TRUE | E74: =E72+1 -> 35 | F74: 2.31574 | G74: 2120 | I74: 35 | J74: 4248.2111 | K74: 2.727014 | M74: =K74/F74 -> 1.1775994
F75: 2.38679 | G75: 2090
D76: TRUE | E76: =E74+1 -> 36 | F76: 2.45784 | G76: 2060 | I76: 36 | J76: 4149.9586 | K76: 2.830127 | M76: =K76/F76 -> 1.1514692
F77: 2.52252 | G77: 2025
D78: TRUE | E78: =E76+1 -> 37 | F78: 2.5872 | G78: 1990 | I78: 37 | J78: 4035.0122 | K78: 2.9287671 | M78: =K78/F78 -> 1.1320219
F79: 2.62885 | G79: 1973.5
D80: TRUE | E80: =E78+1 -> 38 | F80: 2.6705 | G80: 1957 | I80: 38 | J80: 3905.0296 | K80: 3.013922 | M80: =K80/F80 -> 1.1285984
F81: 2.695 | G81: 1927.5
D82: TRUE | E82: =E80+1 -> 39 | F82: 2.7195 | G82: 1898 | I82: 39 | J82: 3756.0309 | K82: 3.0592092 | M82: =K82/F82 -> 1.124916
F83: 2.73567 | G83: 1857
D84: TRUE | E84: =E82+1 -> 40 | F84: 2.75184 | G84: 1816 | I84: 40 | J84: 3570.0274 | K84: 3.027098 | M84: =K84/F84 -> 1.1000269
F85: 2.76262 | G85: 1782.5
D86: TRUE | E86: =E84+1 -> 41 | F86: 2.7734 | G86: 1749 | I86: 41 | J86: 3372.0653 | K86: 2.9791238 | M86: =K86/F86 -> 1.0741775
F87: 2.75723 | G87: 1715.5
D88: TRUE | E88: =E86+1 -> 42 | F88: 2.74106 | G88: 1682 | I88: 42 | J88: 3153.9101 | K88: 2.8570684 | M88: =K88/F88 -> 1.0423225
F89: 2.71999 | G89: 1643
D90: TRUE | E90: =E88+1 -> 43 | F90: 2.69892 | G90: 1604 | I90: 43 | J90: 2948.6944 | K90: 2.794382 | M90: =K90/F90 -> 1.0353704
F91: 2.66854 | G91: 1562
D92: TRUE | E92: =E90+1 -> 44 | F92: 2.63816 | G92: 1520 | I92: 44 | J92: 2731.9535 | K92: 2.6625006 | M92: =K92/F92 -> 1.0092264
F93: 2.59847 | G93: 1481
D94: TRUE | E94: =E92+1 -> 45 | F94: 2.55878 | G94: 1442 | I94: 45 | J94: 2532.2263 | K94: 2.5355545 | M94: =K94/F94 -> 0.99092322
F95: 2.51076 | G95: 1406
D96: TRUE | E96: =E94+1 -> 46 | F96: 2.46274 | G96: 1370 | I96: 46 | J96: 2328.2254 | K96: 2.4165536 | M96: =K96/F96 -> 0.98124592
F97: 2.40639 | G97: 1337.5
D98: TRUE | E98: =E96+1 -> 47 | F98: 2.35004 | G98: 1305 | I98: 47 | J98: 2143.283 | K98: 2.2669757 | M98: =K98/F98 -> 0.96465409
F99: 2.28438 | G99: 1273.5
D100: TRUE | E100: =E98+1 -> 48 | F100: 2.21872 | G100: 1242 | I100: 48 | J100: 1960.4027 | K100: 2.1145648 | M100: =K100/F100 -> 0.95305617
F101: 2.14669 | G101: 1207
D102: TRUE | E102: =E100+1 -> 49 | F102: 2.07466 | G102: 1172 | I102: 49 | J102: 1790.8349 | K102: 1.9872407 | M102: =K102/F102 -> 0.9578633
F103: 1.99773 | G103: 1139
...
